"","Date","High_etc","Low_etc","High_btc","Low_btc","High_xrp","Low_xrp","High_doge","Low_doge","High_eth","Low_eth"
"1","05/21/2021",64.7593,58.7872,38056.8,36606.7,1.01342,0.93707,0.359675,0.331663,2481.06,2311.87
"2","05/20/2021",78.106,72.8,42108.3,40521.5,1.21581,1.14958,0.411212,0.395935,2931.66,2766.02
"3","05/19/2021",62.7196,54.5274,38573.3,35010.4,1.11249,0.91194,0.348367,0.297074,2539.36,2163.4
"4","05/18/2021",90.2152,79.7141,43516.6,40164.2,1.64286,1.45973,0.477866,0.419176,3434.01,3065.84
"5","05/17/2021",95.5691,88.7001,45231.4,43186.8,1.5319,1.47421,0.493833,0.481705,3415,3244.93
"6","05/16/2021",94.3161,82.8512,46545.4,43072.5,1.4484,1.34009,0.514218,0.464871,3582.19,3235.2
"7","05/15/2021",101.289,94.5917,48323.8,46574.6,1.59602,1.48591,0.547205,0.505621,3851.62,3626.53
"8","05/14/2021",114.632,103.254,50640.9,49303.7,1.42712,1.37838,0.563262,0.525786,4129.99,4013.04
"9","05/13/2021",90.9105,86.6501,50387.3,49258,1.37334,1.33137,0.498085,0.464572,3893.57,3694.54
"10","05/12/2021",94.8217,76.9054,50843,46331.1,1.35212,1.20537,0.452448,0.353838,4031.99,3539.96
"11","05/11/2021",112.121,108.83,57753,56597.1,1.53448,1.47261,0.50371,0.480366,4327.76,4151.39
"12","05/10/2021",108.492,102.264,56384.2,54550.4,1.44365,1.3587,0.473664,0.44294,4025.11,3781.86
"13","05/09/2021",126.535,115.615,59426.6,58066,1.59584,1.52398,0.568688,0.515168,4067.75,3888.6
"14","05/08/2021",129.64,120.931,59227,58391.4,1.59317,1.5533,0.697487,0.625592,3947.83,3819.55
"15","05/07/2021",124.656,118.169,58412.9,56972.2,1.61806,1.56182,0.710233,0.667511,3549.69,3453.37
"16","05/06/2021",148.652,118.674,57080.7,55533.7,1.62134,1.52011,0.597059,0.519357,3530.84,3401.11
"17","05/05/2021",98.9871,87.4623,57560.8,56623.5,1.76001,1.61386,0.663006,0.622845,3537.12,3442.35
"18","05/04/2021",79.1997,71.0335,55088.1,53872.5,1.46216,1.39752,0.563625,0.559485,3331.54,3295.34
"19","05/03/2021",54.881,49.2236,57201.3,54735.3,1.55703,1.41283,0.447674,0.398416,3446.51,3188.9
"20","05/02/2021",45.4875,44.2694,58261.4,56562.4,1.59807,1.55303,0.385427,0.372467,3057.99,2950.07
"21","05/01/2021",46.6133,42.5666,57868.4,56556.1,1.65348,1.57257,0.399246,0.378471,2954.53,2910.74
"22","04/30/2021",38.9946,36.246,58449.4,57528.9,1.62527,1.55588,0.342816,0.327317,2846.81,2753.6
"23","04/29/2021",34.5629,33.7592,53802.7,53088.7,1.40511,1.37604,0.314736,0.300761,2768.03,2727.5
"24","04/28/2021",35.3485,33.8654,55173.7,54164.4,1.40815,1.32815,0.323797,0.310532,2753.4,2686.07
"25","04/27/2021",36.3571,33.8116,55718.8,54871.9,1.44663,1.38233,0.272041,0.264951,2714.94,2629.85
"26","04/26/2021",33.8413,31.9413,54120.6,53431.1,1.45828,1.34764,0.270397,0.264018,2546.63,2484.44
"27","04/25/2021",31.5969,28.9495,52420.9,48815.9,1.14699,1.01794,0.272742,0.24739,2467.72,2305.97
"28","04/24/2021",30.1485,29.3306,50438.8,49658.6,1.07183,1.03182,0.288841,0.266108,2249.28,2190.59
"29","04/23/2021",32.8253,30.4483,51183,49380.6,1.17095,1.09342,0.253743,0.229214,2367.46,2229.62
"30","04/22/2021",34.5012,25.1224,52099.9,48788.3,1.19593,0.89374,0.269065,0.166312,2440.21,2141.95
"31","04/21/2021",33.837,31.578,54606.2,52585.9,1.34175,1.27003,0.308197,0.272251,2448.59,2319.93
"32","04/20/2021",35.5026,33.3858,56764.4,55447.9,1.46239,1.36477,0.333825,0.301313,2360.69,2281.78
"33","04/19/2021",33.6577,30.0577,55776.8,54404.6,1.32224,1.18308,0.412781,0.348792,2173.73,2067.73
"34","04/18/2021",38.329,35.7775,57275.2,55767,1.47647,1.36135,0.340423,0.309128,2275.87,2200.84
"35","04/17/2021",39.1133,31.2875,60362.1,51817.6,1.56266,1.16193,0.307496,0.239707,2338.53,1948.93
"36","04/16/2021",48.6281,38.3103,62509.1,61155.6,1.64544,1.53728,0.378924,0.305581,2489.45,2423.04
"37","04/15/2021",33.3128,28.5805,63518.5,62738.3,1.80402,1.71021,0.295464,0.180132,2544.54,2478.92
"38","04/14/2021",22.3549,21.459,63347.3,62361.7,1.88408,1.71221,0.134198,0.120291,2475.98,2402.75
"39","04/13/2021",22.4674,21.2037,63818.7,63080.7,1.84071,1.74907,0.117864,0.092535,2349.99,2281.49
"40","04/12/2021",19.8248,19.4223,61068.3,59839.4,1.47542,1.42122,0.077093,0.070709,2175.04,2136.49
"41","04/11/2021",20.4202,19.8387,60311.3,59598.2,1.36864,1.3197,0.075337,0.072016,2162.22,2131.14
"42","04/10/2021",21.4367,20.0879,60667.1,59640.8,1.48162,1.34919,0.068483,0.063402,2157.01,2123.76
"43","04/09/2021",19.0455,18.3207,59149.9,57900,1.06729,1.00711,0.062109,0.060969,2145.32,2058.23
"44","04/08/2021",20.0969,19.3215,58391.3,57832.9,1.05998,1.01013,0.062287,0.06117,2097.6,2070.14
"45","04/07/2021",19.8366,18.097,56674.6,55721.6,0.94407,0.90415,0.060732,0.058705,1994.32,1951.83
"46","04/06/2021",19.6732,17.7033,58192.7,57286.9,1.10128,1.03184,0.067151,0.06258,2128.25,2082.07
"47","04/05/2021",16.9968,15.973,59487,58662,0.93929,0.81318,0.060615,0.058954,2150.78,2108.81
"48","04/04/2021",15.1621,14.442,58355,57497.6,0.70123,0.61963,0.057987,0.056583,2083.73,2031.45
"49","04/03/2021",13.8844,13.3588,57448.9,56470.6,0.59597,0.56884,0.056758,0.055121,2023.85,1982
"50","04/02/2021",15.3411,15.044,59414,58948.5,0.63635,0.60656,0.05943,0.057459,2137.68,2084.03
"51","04/01/2021",14.6795,14.1048,60134.9,58496.3,0.58113,0.56818,0.062794,0.05868,2010.3,1949.99
"52","03/31/2021",14.4873,14.0632,59309.8,58738.9,0.59179,0.56473,0.054239,0.053723,1944.08,1914.09
"53","03/30/2021",13.5301,12.911,59030.2,58429.8,0.57137,0.53095,0.054484,0.053543,1861.85,1817.09
"54","03/29/2021",12.6843,12.3487,57752.7,57128.3,0.56917,0.55924,0.054407,0.053738,1827.16,1788.6
"55","03/28/2021",11.9766,11.7319,55899.4,55002.9,0.56448,0.54371,0.053781,0.05323,1700.97,1678.38
"56","03/27/2021",11.9703,11.7204,56174.8,55645.5,0.55416,0.54377,0.054566,0.053992,1716.12,1701.26
"57","03/26/2021",11.856,11.6425,55532.1,54551.8,0.57414,0.55556,0.054782,0.053484,1717.19,1687.49
"58","03/25/2021",11.3606,11.0762,52669.2,51306.1,0.53551,0.51046,0.052329,0.051241,1628.28,1586.36
"59","03/24/2021",11.4618,10.8069,52763,51561.3,0.49169,0.46029,0.052068,0.050231,1597.09,1550.11
"60","03/23/2021",12.4853,12.0866,54716.8,53579.1,0.55184,0.53643,0.054017,0.052773,1685.04,1652.07
"61","03/22/2021",12.3997,11.6136,55287.5,53842.1,0.59555,0.54244,0.056043,0.054495,1712.43,1668.86
"62","03/21/2021",12.0059,11.6467,57443.4,56357.5,0.5185,0.5024,0.057493,0.056899,1786,1754.21
"63","03/20/2021",12.4588,12.1314,58583.8,57471.4,0.54625,0.50654,0.059509,0.058045,1815.85,1776.42
"64","03/19/2021",12.4887,12.2192,58877.5,57863,0.47892,0.46472,0.058845,0.058042,1835.31,1801.6
"65","03/18/2021",12.2741,11.9214,57876.5,56305.1,0.47114,0.45977,0.057601,0.056462,1848.88,1735.42
"66","03/17/2021",12.6642,12.4319,59489.4,58621.9,0.47847,0.46582,0.05915,0.057758,1849.23,1812.94
"67","03/16/2021",12.4493,12.2195,57121,55683.4,0.48159,0.45749,0.058881,0.058054,1811.93,1763.65
"68","03/15/2021",12.3382,11.5511,56024.1,53342.6,0.4632,0.42752,0.057432,0.055365,1803.06,1715.97
"69","03/14/2021",13.0964,12.66,60459.9,58859,0.44538,0.43551,0.05922,0.058249,1890.59,1843.41
"70","03/13/2021",14.1147,13.493,61673.7,60755.8,0.4615,0.45202,0.06351,0.059116,1932.36,1890.05
"71","03/12/2021",11.9442,11.5543,57271.8,56118.8,0.4415,0.43274,0.055763,0.054694,1767.3,1730.46
"72","03/11/2021",12.5377,12.0456,58052.3,56545.9,0.46385,0.44568,0.056965,0.055287,1841.19,1797.03
"73","03/10/2021",12.5951,11.8177,56461,55168.1,0.4641,0.45066,0.056119,0.054895,1816.29,1764.46
"74","03/09/2021",12.7436,11.6377,55772.3,53187.5,0.48804,0.456,0.058642,0.054554,1875.98,1759.5
"75","03/08/2021",12.6572,11.5199,54077.9,51941.3,0.48656,0.47178,0.062851,0.058396,1858.77,1809.09
"76","03/07/2021",11.9778,11.4384,51801.1,50141.4,0.47267,0.46221,0.055683,0.051622,1751.92,1710.67
"77","03/06/2021",11.6434,11.1076,49881.4,48890.6,0.46646,0.45921,0.051817,0.050708,1685.08,1639.66
"78","03/05/2021",11.0555,10.8071,49132.7,48166.4,0.47019,0.45404,0.052437,0.049522,1548.06,1521.6
"79","03/04/2021",11.0047,10.3403,48363.6,46370.1,0.48268,0.44664,0.049984,0.048026,1540.66,1447.45
"80","03/03/2021",11.7096,11.0612,51757.7,49111.5,0.45875,0.43684,0.051118,0.049732,1623.73,1535.9
"81","03/02/2021",11.2925,10.8129,49309.1,48159.2,0.44302,0.4314,0.050677,0.050011,1547,1477.72
"82","03/01/2021",11.2983,10.7621,50191.9,48662.2,0.45414,0.43783,0.052423,0.050556,1602.13,1515.22
"83","02/28/2021",10.5791,10.3132,46809.5,45008.8,0.42676,0.41226,0.049348,0.048062,1455.37,1411.55
"84","02/27/2021",11.1269,10.315,46582,44346.9,0.43789,0.41651,0.050176,0.046661,1467.76,1367.31
"85","02/26/2021",11.3359,10.7095,48018.5,46205.2,0.44399,0.42778,0.051993,0.050342,1515.83,1439.84
"86","02/25/2021",11.1609,10.412,47749.1,46051.2,0.44292,0.413,0.051728,0.048969,1526.62,1449.19
"87","02/24/2021",12.1815,11.4528,50857.8,49597.9,0.48146,0.46221,0.05803,0.054958,1655.45,1588.7
"88","02/23/2021",12.4815,10.8611,51299.1,47031.7,0.49854,0.45857,0.050968,0.046065,1652.01,1505.79
"89","02/22/2021",13.9998,12.3602,54115,50161.2,0.5706,0.52581,0.053774,0.050064,1781.44,1609.62
"90","02/21/2021",15.7131,14.8109,57480.5,55128.5,0.54651,0.51627,0.058717,0.054799,1935.04,1837.22
"91","02/20/2021",15.4372,14.8167,56895.2,55502.7,0.53201,0.50521,0.056693,0.05335,1954.82,1885.7
"92","02/19/2021",16.7922,15.0587,56552.6,55415.1,0.57385,0.55568,0.055285,0.053021,2040.79,1924.17
"93","02/18/2021",15.1546,14.2623,51925.3,50816.8,0.53792,0.51489,0.059628,0.055262,1951.26,1892.7
"94","02/17/2021",15.7795,15.1779,52524,51731.3,0.54966,0.53435,0.053658,0.04897,1916.3,1849.05
"95","02/16/2021",14.8951,13.8857,50209.6,49018.1,0.52945,0.49784,0.055054,0.051076,1785.72,1734.15
"96","02/15/2021",15.5108,14.203,49951,47044.4,0.57897,0.53533,0.05981,0.05457,1827.07,1746.05
"97","02/14/2021",16.5908,13.0234,48936.5,45786.1,0.60394,0.51117,0.063627,0.047653,1811.64,1661.09
"98","02/13/2021",17.1789,15.7566,47698.3,47051.9,0.63792,0.6018,0.066392,0.063759,1843.13,1803.1
"99","02/12/2021",12.3922,11.9223,48097.3,47271,0.64209,0.60604,0.071703,0.069473,1871.36,1840.72
"100","02/11/2021",12.3035,11.3393,48927.4,46950.9,0.56858,0.51961,0.069858,0.061285,1806.86,1741.04
"101","02/10/2021",11.1874,10.3224,44993.5,44041,0.52733,0.5015,0.073289,0.071105,1746.32,1704.97
"102","02/09/2021",11.4584,9.5774,46865.5,45652.1,0.49729,0.47119,0.072149,0.069013,1824,1760.05
"103","02/08/2021",9.3379,8.6372,47405.3,45603.3,0.48937,0.44989,0.083567,0.077726,1765.88,1711.4
"104","02/07/2021",8.3945,8.1177,39123.6,38057,0.42836,0.4128,0.077936,0.063839,1629.25,1566.43
"105","02/06/2021",8.8688,8.0338,39611.9,37987.2,0.45029,0.42195,0.064907,0.053464,1692.29,1588.25
"106","02/05/2021",8.6287,8.2132,39653.1,38275.3,0.45593,0.42685,0.049408,0.044505,1742.9,1651.54
"107","02/04/2021",7.8483,7.6622,37488.4,36640,0.47078,0.42851,0.054033,0.043289,1651.61,1589.28
"108","02/03/2021",8.093,7.754,38298.5,37375.9,0.39847,0.38186,0.039994,0.035919,1693.64,1635.72
"109","02/02/2021",7.8858,7.7122,36843.5,35401.5,0.39706,0.3723,0.03389,0.031245,1560.3,1510.27
"110","02/01/2021",7.6206,7.4565,34150.4,33462.4,0.39409,0.34132,0.035089,0.029054,1410.06,1361.63
"111","01/31/2021",7.5226,7.2515,33937.7,32324.9,0.59712,0.46155,0.041473,0.034244,1329.6,1272.09
"112","01/30/2021",7.7097,7.4995,34348.3,33687.3,0.44424,0.39005,0.031207,0.026909,1380.04,1352.46
"113","01/29/2021",7.688,7.3906,34920.9,32908.5,0.30569,0.27879,0.0875,0.014942,1405.78,1327.66
"114","01/28/2021",7.8864,7.3922,34325.8,32839.8,0.27211,0.26038,0.01383,0.007351,1373.56,1288.26
"115","01/27/2021",7.1197,6.7653,31602,29911.9,0.25675,0.24728,0.010838,0.00731,1291.83,1221.15
"116","01/26/2021",7.4388,7.2102,32545.4,31556.2,0.26861,0.2634,0.008245,0.008045,1372.31,1299.62
"117","01/25/2021",7.6062,7.3053,32820.1,31493.3,0.27082,0.26317,0.008455,0.008161,1377.94,1299.52
"118","01/24/2021",7.9739,7.6279,33739.5,32205.1,0.28094,0.27318,0.008819,0.008656,1474.68,1386.17
"119","01/23/2021",7.8133,7.3799,32702.9,31692.5,0.27608,0.26906,0.008678,0.008504,1315.63,1222.14
"120","01/22/2021",7.5064,7.3118,32994.1,32088.2,0.28303,0.2703,0.008636,0.008359,1250.31,1207.41
"121","01/21/2021",7.154,6.6707,31380,28871.2,0.27164,0.24165,0.008408,0.007571,1185.94,1045.02
"122","01/20/2021",8.1897,7.713,35591.1,34256.8,0.3072,0.28858,0.009099,0.008803,1387.39,1294.54
"123","01/19/2021",8.0441,7.6819,36384.4,34857,0.29895,0.28316,0.009141,0.008841,1406.56,1321.61
"124","01/18/2021",8.0627,7.6617,37270.5,36360.3,0.29436,0.28409,0.009284,0.009067,1344.01,1252.36
"125","01/17/2021",7.7889,7.4261,36195.2,34890.7,0.27873,0.27171,0.009163,0.008949,1246.47,1184.15
"126","01/16/2021",7.9555,7.644,36723.7,35592.7,0.28538,0.27591,0.009365,0.009089,1257.81,1202.47
"127","01/15/2021",7.7208,7.4573,37608.6,36022.9,0.28624,0.27815,0.009493,0.009112,1197.51,1158.33
"128","01/14/2021",8.0384,7.6497,39715,38354.6,0.30301,0.29315,0.009689,0.009232,1256.13,1203.63
"129","01/13/2021",7.6686,7.3611,38133.2,36772.1,0.30864,0.28358,0.008804,0.008369,1144.05,1088.52
"130","01/12/2021",7.3619,6.8578,34297,32451.9,0.29673,0.28544,0.008068,0.007779,1058.07,990.96
"131","01/11/2021",7.3294,6.8314,35490,33729.6,0.30883,0.28002,0.008866,0.0082,1101.03,1042.16
"132","01/10/2021",8.86,6.9723,38217.2,33688.8,0.31567,0.25579,0.009846,0.008562,1257.3,1026.35
"133","01/09/2021",8.9094,7.7808,41362.4,40149.7,0.33909,0.32433,0.010443,0.010159,1340.14,1275.87
"134","01/08/2021",6.9946,6.719,40950.2,39556.7,0.32728,0.30626,0.010259,0.009707,1233.44,1172.39
"135","01/07/2021",7.3101,6.661,39701.2,36613.4,0.34591,0.28574,0.009836,0.008834,1230.75,1069.25
"136","01/06/2021",7.7059,7.4263,37714.8,36494.1,0.31613,0.2457,0.010497,0.010126,1223.43,1181.5
"137","01/05/2021",7.2927,6.9802,35739.4,33408.3,0.23449,0.22162,0.010318,0.009652,1132.76,1060.67
"138","01/04/2021",7.402,6.7212,32846.9,30460.5,0.2393,0.22525,0.010319,0.009111,1131.56,990.8
"139","01/03/2021",7.207,6.5334,33587.5,32453.1,0.23747,0.2229,0.011493,0.009702,1033,956.6
"140","01/02/2021",5.925,5.7625,32884.7,32029.6,0.22488,0.21746,0.011343,0.009393,781.35,769.57
"141","01/01/2021",5.7176,5.5726,29496.7,29008,0.23806,0.23083,0.00775,0.005553,733.28,715.15
"142","12/31/2020",5.856,5.6124,29482.3,28724.3,0.24956,0.21643,0.004994,0.004606,748.96,730.02
"143","12/30/2020",5.732,5.555,29298.8,28334.2,0.21862,0.20543,0.004747,0.004522,755.13,730.13
"144","12/29/2020",5.7921,5.649,28192.6,27377,0.22278,0.19217,0.004599,0.00446,747.11,726.12
"145","12/28/2020",6.023,5.5851,27089.4,26205.1,0.24924,0.22037,0.004622,0.004411,739.77,690.24
"146","12/27/2020",5.9642,5.763,27331.6,26144.3,0.28696,0.27897,0.004706,0.004513,718.1,682.47
"147","12/26/2020",5.9602,5.8005,26937.5,26438.4,0.30253,0.2901,0.00471,0.004492,652.1,635.4
"148","12/25/2020",5.8505,5.7164,25011,24515.1,0.32293,0.30247,0.004659,0.004455,636.76,621.49
"149","12/24/2020",5.7012,5.5288,23814.1,23445.3,0.35761,0.325,0.004593,0.004443,615.54,605.01
"150","12/23/2020",5.2751,5.0156,23253.2,22737.3,0.30362,0.2525,0.003853,0.003673,586.67,566.15
"151","12/22/2020",6.1622,5.9686,24028.9,23500.7,0.44785,0.3897,0.004766,0.004499,638.11,618.36
"152","12/21/2020",6.1962,6.0568,23060.8,22481,0.5215,0.47731,0.004866,0.00462,615.04,602.33
"153","12/20/2020",6.9841,6.4099,24101.9,23321.1,0.56909,0.54827,0.005463,0.004615,647.87,634.71
"154","12/19/2020",6.4409,6.2541,23843.6,23098.9,0.57665,0.56518,0.003937,0.003815,657.96,641.43
"155","12/18/2020",6.5058,6.363,23229.1,22923.1,0.58539,0.56653,0.003973,0.003799,659.56,645.91
"156","12/17/2020",6.6292,6.3417,23241.3,22493.9,0.61238,0.5516,0.003822,0.003606,653.77,630.44
"157","12/16/2020",6.741,6.4636,22148.4,21243.1,0.58249,0.5477,0.003463,0.003397,651.74,635.64
"158","12/15/2020",6.0565,5.9473,19491.7,19299.7,0.46808,0.43985,0.003227,0.003174,589.15,580.9
"159","12/14/2020",6.1188,6.032,19556.3,19250.3,0.50706,0.49461,0.003262,0.003207,596.97,585.65
"160","12/13/2020",6.139,5.9596,19326.2,19007,0.5181,0.50397,0.003285,0.003233,591.41,582.3
"161","12/12/2020",5.9939,5.9139,18883.6,18716.8,0.50988,0.48652,0.003177,0.003149,569.55,563.37
"162","12/11/2020",6.0167,5.7892,18390.1,18025.1,0.54739,0.51058,0.003173,0.003072,555.89,543.99
"163","12/10/2020",5.9218,5.7437,18288.3,17733.8,0.5736,0.54624,0.003114,0.003048,560.28,541.11
"164","12/09/2020",6.1131,6.0286,18551.8,18339.6,0.58669,0.56613,0.003171,0.003122,575.56,565.12
"165","12/08/2020",5.8107,5.6569,18371.5,18053,0.56415,0.54694,0.003178,0.003083,556.38,543.13
"166","12/07/2020",6.1587,6.0951,19236,19141.1,0.61018,0.60388,0.003362,0.003307,591.33,586.6
"167","12/06/2020",6.1793,6.1006,19424.6,19166.9,0.62317,0.60825,0.003397,0.003356,603.06,591.66
"168","12/05/2020",6.2563,6.1356,19340.1,19141,0.62717,0.58533,0.00343,0.003372,606.9,595.09
"169","12/04/2020",6.086,5.9035,18921.3,18507.1,0.5796,0.54901,0.00334,0.003255,579.85,561.24
"170","12/03/2020",6.5802,6.2906,19529.5,19140.2,0.63388,0.60906,0.003449,0.003366,619.61,601.18
"171","12/02/2020",6.3124,6.1782,19295,18954.6,0.63701,0.61664,0.003426,0.003358,599.92,589.22
"172","12/01/2020",6.2805,6.0521,18954.5,18346.7,0.62145,0.59552,0.003457,0.003274,597.12,575.24
"173","11/30/2020",6.9822,6.6898,19717.6,19366.8,0.66866,0.64487,0.003577,0.003431,616.78,602.58
"174","11/29/2020",6.6885,6.3995,18616.7,18186,0.64533,0.60533,0.003567,0.003436,592.92,575.35
"175","11/28/2020",6.3472,6.2084,17864,17530.4,0.63024,0.58557,0.003413,0.003345,543.58,530.71
"176","11/27/2020",6.3192,6.0791,17191.5,16915.9,0.57617,0.54032,0.003311,0.003236,520.26,509.83
"177","11/26/2020",6.3323,6.0273,17450.3,17037.8,0.58549,0.52189,0.003359,0.003194,530.41,515.15
"178","11/25/2020",7.171,6.0368,18894.9,17279.7,0.65095,0.52829,0.003793,0.003213,577.08,512.11
"179","11/24/2020",7.7072,7.215,19216.6,18769.4,0.70711,0.62057,0.004287,0.003842,605.63,581.44
"180","11/23/2020",7.3911,6.4433,18527.7,18230,0.67779,0.5813,0.003803,0.003566,619.86,600.53
"181","11/22/2020",6.2004,5.9437,18516.7,18016,0.46644,0.43287,0.003382,0.003231,585.44,551.8
"182","11/21/2020",6.7347,6.2356,18751.5,18367.6,0.49544,0.41079,0.003674,0.003291,560.15,538.25
"183","11/20/2020",6.2052,5.8123,18966,18467.5,0.34401,0.32957,0.003266,0.002983,518.09,505.23
"184","11/19/2020",6.0885,5.889,18225.4,17758.4,0.30509,0.3005,0.002934,0.002904,487.97,471.06
"185","11/18/2020",6.1631,5.9604,18054.8,17594.6,0.29601,0.28959,0.002945,0.002886,480.55,474.41
"186","11/17/2020",6.1315,5.6448,18393.2,17613.2,0.30782,0.29436,0.003017,0.002919,495.04,481.87
"187","11/16/2020",5.7037,5.3788,16825.9,16562,0.29705,0.28731,0.00294,0.002879,468.45,459.74
"188","11/15/2020",5.025,4.9853,16042.1,15870.7,0.2711,0.26763,0.00279,0.002745,451.24,445.82
"189","11/14/2020",5.0547,4.9746,16102.3,15879.5,0.27666,0.26813,0.002789,0.002755,462.93,456.64
"190","11/13/2020",5.17,5.0849,16328.2,16111.2,0.2771,0.26404,0.002819,0.002747,477.34,468.01
"191","11/12/2020",5.0784,4.9987,16474.1,16270.7,0.25697,0.25435,0.002817,0.002774,466.8,461.31
"192","11/11/2020",5.0976,5.0299,15712.1,15483.5,0.2566,0.25315,0.002782,0.002725,464.08,452.65
"193","11/10/2020",5.2084,5.1298,15497.5,15281,0.25879,0.25228,0.002863,0.002756,466.08,449.51
"194","11/09/2020",5.2016,5.003,15431.2,15192.7,0.25269,0.24807,0.002688,0.002651,451.7,439.5
"195","11/08/2020",5.2147,5.1108,15598.4,15364.2,0.25613,0.25113,0.002732,0.002698,457.6,449.28
"196","11/07/2020",5.2117,5.0385,15106.5,14720.7,0.25197,0.24737,0.002714,0.002645,443.06,432.44
"197","11/06/2020",5.5746,5.3568,15754.4,15471.1,0.26725,0.25849,0.002828,0.002755,467.88,454.78
"198","11/05/2020",5.2147,5.0742,15955.2,15433,0.25301,0.24512,0.0027,0.002625,440.91,415.08
"199","11/04/2020",4.9012,4.8488,14358.6,14099.7,0.24127,0.23749,0.002587,0.002546,406.22,400.59
"200","11/03/2020",4.9127,4.7863,14034.5,13704.8,0.24039,0.23611,0.002526,0.0025,388.39,381.27
"201","11/02/2020",4.9823,4.689,13640.2,13321.2,0.23674,0.22803,0.002525,0.002453,385.08,370.96
"202","11/01/2020",5.2708,5.159,13828.4,13655,0.24455,0.23948,0.002588,0.002568,404.04,396.24
"203","10/31/2020",5.2954,5.1718,13889.5,13659,0.24123,0.23854,0.002578,0.002557,390.08,385.37
"204","10/30/2020",5.2808,5.2303,13731.5,13441.7,0.24004,0.23756,0.002599,0.002552,387.63,380.53
"205","10/29/2020",5.4699,5.2994,13655.7,13363.1,0.24389,0.24062,0.002598,0.002557,391.98,383.6
"206","10/28/2020",5.342,5.2726,13308.6,13180.8,0.24667,0.24438,0.00261,0.002578,392.04,387.82
"207","10/27/2020",5.5936,5.4511,13851.7,13637.3,0.25667,0.25171,0.002696,0.002667,408.1,402.95
"208","10/26/2020",5.5272,5.4257,13125.2,13050.3,0.24978,0.24765,0.002697,0.002655,395.3,391.93
"209","10/25/2020",5.608,5.5191,13129.3,12982.5,0.25904,0.25266,0.00288,0.002634,410.41,403.76
"210","10/24/2020",5.5646,5.5011,13343.9,13077.8,0.25708,0.25464,0.002672,0.002629,416.1,410.45
"211","10/23/2020",5.5089,5.448,13013.7,12876.4,0.25551,0.25336,0.00265,0.002626,413.52,407.74
"212","10/22/2020",5.619,5.4858,13005.1,12842.7,0.25917,0.25485,0.002663,0.00264,415.07,410.5
"213","10/21/2020",5.5294,5.3564,12928.1,12718.1,0.2576,0.25083,0.002678,0.002618,397.63,391.21
"214","10/20/2020",5.2234,5.0641,12232.6,11894.6,0.24758,0.24261,0.002627,0.002593,378.82,368.06
"215","10/19/2020",5.2541,5.2078,11760.8,11685.7,0.25021,0.24478,0.002597,0.002583,380.14,377.68
"216","10/18/2020",5.2357,5.156,11529.8,11427.2,0.24287,0.24126,0.002595,0.002581,379.42,373.13
"217","10/17/2020",5.2387,5.1795,11399.5,11349.8,0.24157,0.24007,0.002596,0.002579,370.26,367.54
"218","10/16/2020",5.231,5.1511,11358,11274.4,0.24208,0.23869,0.002607,0.002577,368.28,363.18
"219","10/15/2020",5.369,5.3122,11542.2,11474.9,0.24784,0.24478,0.002612,0.002591,379.6,375.9
"220","10/14/2020",5.389,5.347,11426.4,11361.7,0.24912,0.24553,0.002639,0.002622,379.2,375.44
"221","10/13/2020",5.3952,5.3441,11485.6,11413.8,0.25831,0.25556,0.002653,0.002635,384.8,380.71
"222","10/12/2020",5.4902,5.4458,11540.4,11436.9,0.25646,0.254,0.002679,0.002651,387.06,382.33
"223","10/11/2020",5.5075,5.4282,11408.8,11348.5,0.25579,0.25417,0.002683,0.002665,375.16,372.56
"224","10/10/2020",5.3437,5.2746,11394.5,11277.6,0.25565,0.25327,0.002683,0.002652,372.99,369.37
"225","10/09/2020",5.3995,5.2725,11475,11053.5,0.25803,0.25288,0.002719,0.002655,377.97,364.57
"226","10/08/2020",5.1992,5.1344,10939.1,10868.4,0.25223,0.25009,0.002635,0.002594,351.32,348.29
"227","10/07/2020",5.2416,5.1488,10672.1,10619.9,0.24917,0.2468,0.002602,0.002573,341.94,338.4
"228","10/06/2020",5.2533,5.1616,10604.3,10553.3,0.24562,0.24097,0.002604,0.002559,340.61,334.11
"229","10/05/2020",5.1455,5.0802,10800.3,10743.2,0.25916,0.25014,0.00263,0.002609,354.73,351.95
"230","10/04/2020",5.1931,5.1488,10729.9,10659.4,0.2542,0.24787,0.002654,0.002627,354.86,351.29
"231","10/03/2020",5.1388,5.0722,10560.3,10520.8,0.23359,0.23152,0.002616,0.002592,347.34,344.03
"232","10/02/2020",5.1989,5.1601,10576.8,10523.4,0.23427,0.23277,0.002609,0.002575,348.69,343.74
"233","10/01/2020",5.3663,5.2976,10627.6,10585.9,0.23831,0.23659,0.002633,0.002595,353.61,350.18
"234","09/30/2020",5.4352,5.3857,10855.5,10776.6,0.243,0.24149,0.002665,0.002634,363.36,358.78
"235","09/29/2020",5.4423,5.3638,10847.7,10757.2,0.24288,0.24035,0.002682,0.002646,359.91,355.35
"236","09/28/2020",5.4535,5.4003,10728.5,10667.8,0.24268,0.24014,0.002698,0.002636,355.46,352.09
"237","09/27/2020",5.5299,5.4267,10946.6,10776.4,0.2463,0.2432,0.002737,0.002697,360.18,357.42
"238","09/26/2020",5.6543,5.3632,10799.2,10722.4,0.24438,0.24129,0.002733,0.002695,361.61,353.87
"239","09/25/2020",5.052,4.9978,10745.6,10650.2,0.24546,0.24142,0.002734,0.002688,353.51,350.21
"240","09/24/2020",5.0409,4.9841,10753.5,10685.4,0.23339,0.23135,0.002723,0.002616,349.83,345.92
"241","09/23/2020",4.9152,4.8298,10336.1,10201,0.22431,0.21955,0.002598,0.002533,326.04,317.27
"242","09/22/2020",4.9867,4.9427,10535,10485.4,0.23382,0.23229,0.002648,0.002623,344.12,341.17
"243","09/21/2020",4.8824,4.8173,10488.6,10374.4,0.2339,0.22942,0.002639,0.002593,344.9,338.28
"244","09/20/2020",5.1373,5.0741,10977,10895.7,0.24808,0.24431,0.002796,0.00277,375.34,369.19
"245","09/19/2020",5.2409,5.1816,11081.6,10908.5,0.25131,0.24874,0.0028,0.002775,385.39,379.75
"246","09/18/2020",5.2231,5.1798,10977.8,10933.1,0.25104,0.24841,0.002798,0.002775,385.28,381.61
"247","09/17/2020",5.2303,5.1892,10956.3,10890.8,0.25384,0.25058,0.00281,0.002795,392.21,385.88
"248","09/16/2020",5.1851,4.9151,11039.3,10885.8,0.25821,0.24678,0.002839,0.002785,384.4,363.54
"249","09/15/2020",5.23,5.0787,10790.1,10669.2,0.24331,0.23431,0.002834,0.002783,364.57,355.18
"250","09/14/2020",5.3155,5.1676,10832.3,10652.9,0.24939,0.24502,0.002827,0.002778,381.67,374.64
"251","09/13/2020",5.1239,5.0306,10369.3,10264.5,0.24369,0.23915,0.002797,0.00274,367.44,357.54
"252","09/12/2020",5.2888,5.2302,10556.3,10411.2,0.25106,0.24687,0.002816,0.002781,388.72,383.16
"253","09/11/2020",5.2636,5.1949,10393.5,10326,0.24265,0.24105,0.002797,0.002769,374,368.61
"254","09/10/2020",5.2422,5.124,10377.5,10212.6,0.24441,0.23701,0.002818,0.002743,371.54,358.12
"255","09/09/2020",5.1923,5.0739,10408.9,10219.2,0.24695,0.23888,0.002839,0.002779,370.46,350.86
"256","09/08/2020",5.1629,5.0046,10149,9984.6,0.23735,0.23312,0.002757,0.002694,340.86,331.12
"257","09/07/2020",5.1994,5.1193,10434.4,10305.5,0.24355,0.2405,0.002836,0.002765,355.69,347.39
"258","09/06/2020",5.2645,5.1585,10296.4,10193.9,0.24285,0.23724,0.002801,0.002764,357.33,345.03
"259","09/05/2020",5.1849,5.0497,10239.9,10067.4,0.23867,0.23342,0.002781,0.002721,342.19,323.09
"260","09/04/2020",5.501,5.3822,10558.7,10392.3,0.25941,0.2523,0.002917,0.00287,394.12,384.88
"261","09/03/2020",5.6375,4.9919,10329.9,10098.1,0.25117,0.24113,0.002815,0.002746,390.96,376.73
"262","09/02/2020",6.3731,6.2437,11437.4,11359,0.27647,0.27096,0.003129,0.003073,466.4,438.08
"263","09/01/2020",6.8145,6.6782,11947.5,11821.6,0.30373,0.29504,0.003276,0.003204,478.8,465.98
"264","08/31/2020",6.672,6.5197,11692,11544.6,0.28344,0.27632,0.003256,0.003172,443.81,429.65
"265","08/30/2020",6.7637,6.6826,11712.2,11659.3,0.2845,0.28293,0.00331,0.003267,429.88,424.19
"266","08/29/2020",6.5815,6.501,11623.6,11462.6,0.27844,0.27381,0.003355,0.003267,406.78,398.47
"267","08/28/2020",6.565,6.4911,11539.8,11468.2,0.2729,0.26872,0.003272,0.003229,395.89,391.97
"268","08/27/2020",6.4897,6.3225,11396.1,11281.9,0.26752,0.26005,0.003223,0.003166,388.55,379.8
"269","08/26/2020",6.5239,6.4412,11479.7,11367.4,0.27826,0.2748,0.003329,0.003264,389.15,383.04
"270","08/25/2020",6.5342,6.4283,11401,11256.8,0.27827,0.27435,0.003308,0.003233,387.7,377.69
"271","08/24/2020",6.874,6.7829,11766.9,11661.1,0.28957,0.28538,0.003421,0.003397,409.02,400.64
"272","08/23/2020",6.7991,6.711,11681.1,11587.1,0.28591,0.28236,0.003466,0.003376,393.89,387.62
"273","08/22/2020",6.8056,6.6737,11680.5,11583.3,0.28794,0.28171,0.00344,0.003378,396.96,388.81
"274","08/21/2020",6.6717,6.5385,11536.9,11382.1,0.27942,0.27353,0.003378,0.003324,388.19,379.96
"275","08/20/2020",7.0281,6.8841,11877.4,11783.6,0.29309,0.28688,0.003471,0.003413,418.72,409.83
"276","08/19/2020",6.9075,6.7599,11822.2,11703.4,0.29261,0.28694,0.003448,0.003395,415.16,406.65
"277","08/18/2020",7.4021,7.0149,12013.2,11844.8,0.30587,0.29318,0.003536,0.003456,426.65,416.35
"278","08/17/2020",7.7478,7.3793,12381.4,12273.5,0.32152,0.31468,0.00367,0.003586,433.65,428.13
"279","08/16/2020",7.2689,7.0979,11919.7,11764,0.3056,0.29746,0.003538,0.003501,434.85,421.98
"280","08/15/2020",7.2995,7.0872,11909.7,11782.7,0.30467,0.29591,0.003564,0.00351,433.11,424.2
"281","08/14/2020",6.9981,6.8879,11962.9,11750.7,0.30522,0.29927,0.003618,0.003513,442.7,435.82
"282","08/13/2020",6.9691,6.798,11820.3,11668.5,0.30068,0.29097,0.003506,0.00344,429.93,418.37
"283","08/12/2020",6.8859,6.7457,11652.1,11536.3,0.28586,0.28146,0.003512,0.003451,394.67,386.56
"284","08/11/2020",6.7584,6.6235,11408.8,11233.3,0.28316,0.27529,0.003436,0.003336,380.49,372.66
"285","08/10/2020",7.179,7.016,11931.8,11819,0.30713,0.29445,0.00357,0.003494,398.13,393.28
"286","08/09/2020",6.975,6.8645,12041.1,11681.1,0.29523,0.28795,0.003498,0.00345,398.07,390.17
"287","08/08/2020",7.025,6.9202,11792.8,11669.7,0.29828,0.2943,0.003535,0.003464,399.93,393.6
"288","08/07/2020",6.8962,6.7839,11650.4,11537.6,0.29653,0.29155,0.003542,0.003485,382.67,376.38
"289","08/06/2020",7.2289,7.0773,11901.8,11740,0.30673,0.30203,0.003615,0.003545,398.14,394.04
"290","08/05/2020",7.2405,7.1035,11790.2,11606.3,0.30356,0.29792,0.003542,0.003451,403.18,394.91
"291","08/04/2020",7.1827,7.0689,11228.3,11114.5,0.30228,0.29175,0.003582,0.003508,391.89,384.84
"292","08/03/2020",7.2853,7.1277,11407.8,11222.2,0.31873,0.30812,0.003461,0.003362,402.01,385.86
"293","08/02/2020",7.3499,7.1357,11202.7,10981.6,0.29948,0.28482,0.003406,0.00331,385.66,368.46
"294","08/01/2020",8.2688,7.788,11943.4,11754.8,0.32431,0.28975,0.003768,0.00354,404.81,386.07
"295","07/31/2020",7.5495,7.3142,11394.3,11226.1,0.26148,0.25576,0.003272,0.003202,352.68,343.33
"296","07/30/2020",7.4186,7.2676,11124.4,10964.6,0.24646,0.24188,0.003239,0.003175,336.35,329.05
"297","07/29/2020",7.262,7.1058,11114.4,10959.9,0.24329,0.23742,0.003187,0.003132,319.4,315.62
"298","07/28/2020",7.5072,7.1454,10989.8,10771.8,0.24317,0.22955,0.003271,0.003178,318.81,312.64
"299","07/27/2020",7.3851,7.0826,11229.1,10854.2,0.22664,0.22084,0.003193,0.003138,326.53,316.3
"300","07/26/2020",7.0738,6.6316,10211.2,9894.6,0.2201,0.21517,0.00324,0.003148,329.05,311.04
"301","07/25/2020",6.7057,6.6089,9690.7,9645.9,0.22116,0.21295,0.003271,0.003209,305.32,300.33
"302","07/24/2020",6.4376,6.2387,9612.7,9536.2,0.20817,0.20367,0.003265,0.003197,284.35,279.33
"303","07/23/2020",6.4438,6.3466,9599.8,9545,0.2085,0.206,0.003308,0.003206,275.31,272.16
"304","07/22/2020",6.3956,6.3221,9522.9,9470.7,0.20527,0.20245,0.003332,0.00326,265.51,262.57
"305","07/21/2020",6.1904,6.1452,9389,9353.7,0.1995,0.1982,0.003305,0.003225,245.66,243.51
"306","07/20/2020",6.0776,6.0162,9194.6,9155.1,0.19639,0.19399,0.003311,0.003198,237.5,235.67
"307","07/19/2020",6.1129,6.0732,9218.4,9177,0.20008,0.19843,0.003437,0.003372,239.71,237.8
"308","07/18/2020",6.0867,5.9966,9179.7,9144.6,0.20198,0.19708,0.003764,0.003444,236.29,234.77
"309","07/17/2020",6.0423,5.9552,9167,9128.1,0.19527,0.19403,0.003654,0.003018,233.36,232.4
"310","07/16/2020",6.0502,5.9864,9141.4,9107.6,0.19475,0.19249,0.0031,0.00298,234.44,232.8
"311","07/15/2020",6.2668,6.1865,9224.2,9183,0.19752,0.1961,0.003097,0.003018,239.47,237.98
"312","07/14/2020",6.3606,6.2855,9270.2,9240.2,0.19974,0.1986,0.003294,0.003187,241.36,239.75
"313","07/13/2020",6.3035,6.2325,9245.6,9219,0.19871,0.19683,0.003173,0.00311,240.21,238.52
"314","07/12/2020",6.4722,6.3993,9319.9,9270.1,0.20161,0.19903,0.003644,0.003439,243.55,241.25
"315","07/11/2020",6.5624,6.5036,9286,9232,0.20312,0.20113,0.003846,0.003724,241.37,239.09
"316","07/10/2020",6.5815,6.3778,9295.5,9261.6,0.2046,0.19874,0.003653,0.003493,241.64,240.25
"317","07/09/2020",6.6476,6.4468,9239.6,9206.5,0.20264,0.19912,0.004332,0.00397,242.17,239.99
"318","07/08/2020",6.6378,6.4171,9434.5,9361.3,0.20544,0.1981,0.005029,0.004077,246.96,243.33
"319","07/07/2020",6.3859,6.1222,9319.9,9233.1,0.1998,0.18402,0.005425,0.003051,242.28,238
"320","07/06/2020",6.1499,6.0218,9371.2,9266.3,0.18957,0.18719,0.002796,0.002601,243.43,238.17
"321","07/05/2020",5.6983,5.6471,9114.1,9063.2,0.17751,0.17645,0.002309,0.002295,228.64,227.1
"322","07/04/2020",5.718,5.678,9149.6,9114,0.17876,0.17646,0.002313,0.002305,229.8,227.81
"323","07/03/2020",5.7149,5.638,9100,9053,0.17869,0.17604,0.002325,0.002307,226.89,224.8
"324","07/02/2020",5.7819,5.7043,9259.7,9179.5,0.17712,0.17539,0.00234,0.002319,232.04,227.94
"325","07/01/2020",5.7587,5.7043,9259.7,9225.2,0.1771,0.17608,0.002332,0.00232,232.04,230.62
"326","06/30/2020",5.7504,5.6838,9148,9101.1,0.17599,0.17393,0.002315,0.002305,225.93,224.33
"327","06/29/2020",5.8505,5.8058,9199.8,9158.7,0.17756,0.17667,0.00231,0.002301,228.57,226.95
"328","06/28/2020",5.8001,5.7406,9148.6,9097.1,0.1778,0.1764,0.002323,0.00231,226.72,224.29
"329","06/27/2020",5.5943,5.5436,9008.2,8950.2,0.17514,0.17349,0.002362,0.002284,221.04,218.54
"330","06/26/2020",6.0505,6.0024,9179.8,9113.9,0.18332,0.18187,0.00236,0.002348,230.06,228.77
"331","06/25/2020",6.1701,6.0979,9296.5,9194.3,0.18321,0.181,0.002419,0.002392,233.5,231.23
"332","06/24/2020",6.2453,6.0529,9306,9022.6,0.18406,0.17897,0.002426,0.002387,235.29,227.99
"333","06/23/2020",6.4215,6.363,9663.7,9614.8,0.18967,0.18882,0.002485,0.002471,245.91,242.97
"334","06/22/2020",6.41,6.3313,9715.6,9609.3,0.19042,0.18851,0.002492,0.002465,244.67,240.94
"335","06/21/2020",6.2709,6.1982,9395.2,9285.8,0.18814,0.18584,0.002481,0.002438,234.47,227.69
"336","06/20/2020",6.2785,6.2531,9397.7,9349.1,0.1884,0.18749,0.002468,0.002434,230.21,228.75
"337","06/19/2020",6.3586,6.3118,9350.1,9294.2,0.18894,0.18678,0.002462,0.002431,230.96,228.78
"338","06/18/2020",6.2187,6.1482,9390.3,9249.6,0.19002,0.18715,0.002466,0.002424,231.51,226.97
"339","06/17/2020",6.2911,6.2282,9468.8,9403.4,0.1932,0.19139,0.002485,0.002468,234.69,233.07
"340","06/16/2020",6.2565,6.2044,9532.3,9423.8,0.19245,0.19109,0.002488,0.002468,235.64,232.34
"341","06/15/2020",6.3048,6.174,9570.7,9379.3,0.19389,0.19091,0.002505,0.00246,233.66,228.99
"342","06/14/2020",6.4936,6.3792,9474.7,9387.5,0.19248,0.1906,0.002536,0.002497,238.48,234.14
"343","06/13/2020",6.4936,6.4359,9474.7,9428.7,0.19248,0.19163,0.002536,0.002519,238.48,237.39
"344","06/12/2020",6.4098,6.3421,9475.8,9415.5,0.19326,0.19178,0.002525,0.002506,237.92,235.82
"345","06/11/2020",6.3764,6.2128,9391.3,9249.4,0.1919,0.1871,0.002493,0.002441,234.19,228.62
"346","06/10/2020",6.8298,6.7957,9945.2,9871,0.20343,0.20228,0.002593,0.002577,249.77,247.81
"347","06/09/2020",6.7931,6.7676,9805.8,9745,0.20215,0.20108,0.002574,0.002541,244.71,243.49
"348","06/08/2020",6.9204,6.7414,9857.2,9616.6,0.20499,0.20075,0.002592,0.002528,249.45,240.18
"349","06/07/2020",6.8562,6.7912,9770.5,9708.5,0.20355,0.20234,0.00261,0.002577,245.15,243.25
"350","06/06/2020",6.8836,6.8415,9701.9,9637.3,0.20495,0.20332,0.002593,0.002574,244.05,240.63
"351","06/05/2020",6.8594,6.7832,9629.3,9549.5,0.20323,0.20144,0.00259,0.002566,241.36,238.38
"352","06/04/2020",7.0382,6.7887,9686.1,9537.6,0.20713,0.20121,0.00262,0.002551,246.41,238.5
"353","06/03/2020",7.0382,6.9195,9686.1,9617.6,0.20695,0.20353,0.002599,0.002551,246.41,243.31
"354","06/02/2020",7.008,6.8785,9538.1,9483.4,0.20356,0.20125,0.002587,0.00255,238.6,235.43
"355","06/01/2020",7.2361,7.1515,10207.3,10050.4,0.21196,0.20941,0.002652,0.002602,248.75,245.8
"356","05/31/2020",7.4937,7.2286,9695.6,9529.8,0.2076,0.20257,0.002616,0.00255,245.33,235.85
"357","05/30/2020",7.4937,7.2432,9695.6,9567.5,0.2076,0.20257,0.002616,0.002563,245.33,235.85
"358","05/29/2020",7.2411,7.1174,9428.5,9352.7,0.19774,0.19611,0.002546,0.002527,221.75,218.86
"359","05/28/2020",7.2269,6.8583,9596.5,9468.1,0.2028,0.19986,0.002544,0.002514,224.52,220.12
"360","05/27/2020",6.7976,6.7079,9268.8,9168.8,0.19838,0.1967,0.002535,0.002496,208.61,206.36
"361","05/26/2020",6.7682,6.6775,8891,8818.6,0.19509,0.19367,0.002518,0.002467,202.35,200.85
"362","05/25/2020",6.8309,6.6855,8922.9,8836.6,0.19691,0.19446,0.002544,0.002479,204.9,202.85
"363","05/24/2020",6.7165,6.5218,8817.9,8666.1,0.19452,0.19047,0.002521,0.002432,203.14,198.57
"364","05/23/2020",6.7527,6.5366,9229.5,9129.7,0.20045,0.19846,0.002553,0.002537,209.63,206.07
"365","05/22/2020",6.5369,6.4628,9303.2,9169.7,0.20212,0.20031,0.002548,0.002516,211.03,207.35
"366","05/21/2020",6.2027,6.0847,9129.2,8983.7,0.1954,0.19292,0.002525,0.002436,199.9,196.68
"367","05/20/2020",6.525,6.4334,9567.1,9463.1,0.20309,0.20111,0.002526,0.002474,211.58,209.23
"368","05/19/2020",6.6818,6.6282,9788.8,9708.4,0.20549,0.20399,0.002546,0.002537,214.65,212.61
"369","05/18/2020",6.7122,6.5842,9737.8,9524.6,0.2054,0.20119,0.002537,0.002501,215,210.16
"370","05/17/2020",6.9041,6.657,9930.2,9678.9,0.20732,0.20131,0.002581,0.00253,215.99,207.01
"371","05/16/2020",6.7388,6.6484,9570.4,9327.8,0.20111,0.19888,0.002529,0.002512,202.48,199.77
"372","05/15/2020",6.8098,6.4451,9451.9,9233,0.2008,0.19678,0.002526,0.002479,199.68,193.48
"373","05/14/2020",6.3015,6.1056,9819.6,9319.3,0.20455,0.19764,0.002578,0.002504,204.02,197.65
"374","05/13/2020",6.2487,6.1442,9364.5,9265.8,0.20265,0.20074,0.002534,0.002507,200.78,196.91
"375","05/12/2020",6.1775,6.0703,8964.7,8799.1,0.19948,0.19666,0.002502,0.002461,191.38,189.42
"376","05/11/2020",6.075,5.9843,8729.7,8542.8,0.19529,0.19132,0.002448,0.002401,189.12,185.72
"377","05/10/2020",7.0636,5.675,9569.4,8259.3,0.21649,0.18239,0.002604,0.002277,210.19,183.15
"378","05/09/2020",7.0636,5.675,9569.4,8259.3,0.21649,0.18239,0.002604,0.002277,210.19,183.15
"379","05/08/2020",7.2585,7.0943,9910.5,9747.2,0.22117,0.21727,0.002627,0.002581,214.5,209.67
"380","05/07/2020",7.2419,7.0659,10018.2,9845.8,0.22182,0.2174,0.002671,0.002621,216.44,211.21
"381","05/06/2020",7.0742,6.7941,9338.2,9064.8,0.21718,0.21003,0.002547,0.002453,207.92,197.36
"382","05/05/2020",7.2067,7.0635,9038.2,8923.6,0.21886,0.21512,0.002514,0.002446,208.74,202.21
"383","05/04/2020",7.2913,7.2006,8920.7,8831.4,0.21971,0.21723,0.002542,0.002455,208.53,205
"384","05/03/2020",7.2327,6.8711,8926.2,8665.7,0.22042,0.21037,0.002512,0.00243,210.63,202.35
"385","05/02/2020",7.6201,7.4108,9169.9,8935,0.22647,0.22339,0.002592,0.002533,218.74,213.61
"386","05/01/2020",6.6707,6.5928,8858.9,8775.4,0.21833,0.21621,0.002512,0.00245,213.37,211.25
"387","04/30/2020",6.5343,6.4333,8758.1,8621,0.21411,0.21128,0.002481,0.002424,210.29,206.06
"388","04/29/2020",6.9477,6.7096,9187.7,8717.3,0.23455,0.22542,0.002595,0.002488,224.41,214.36
"389","04/28/2020",6.1972,6.1285,7822.6,7729.7,0.21823,0.21386,0.002349,0.002299,199.14,196.45
"390","04/27/2020",6.1018,5.9586,7770.1,7674,0.19751,0.19469,0.002393,0.002297,196.21,192.65
"391","04/26/2020",6.2696,6.1511,7768.4,7676.1,0.19939,0.19619,0.00241,0.002372,198.8,196.69
"392","04/25/2020",5.8965,5.724,7586.4,7527,0.19535,0.1939,0.002189,0.002101,195.32,193.66
"393","04/24/2020",5.625,5.5312,7516.9,7451,0.19367,0.19183,0.002119,0.002064,187.67,186.03
"394","04/23/2020",5.6752,5.5837,7541.5,7474.3,0.19627,0.19241,0.002076,0.002049,189.03,185.19
"395","04/22/2020",5.4544,5.3583,7169.6,7092.2,0.19071,0.18726,0.002016,0.001994,186.5,181.47
"396","04/21/2020",5.2617,5.1571,6879.7,6821.8,0.18464,0.1821,0.001973,0.001942,172.04,169.93
"397","04/20/2020",5.3011,5.16,6907.7,6818.9,0.18511,0.1814,0.002068,0.001954,173.5,169.85
"398","04/19/2020",5.5931,5.4593,7187.7,7086.1,0.19414,0.18846,0.002049,0.002029,184.16,178.9
"399","04/18/2020",5.6669,5.5828,7238,7182.4,0.19612,0.19344,0.00208,0.00203,188.23,184.82
"400","04/17/2020",5.5107,5.3726,7105.9,7031.5,0.19151,0.18866,0.002015,0.001982,173.95,170.61
"401","04/16/2020",5.4945,5.4018,7118.5,7039.7,0.19144,0.18846,0.002021,0.001975,173.14,170.19
"402","04/15/2020",5.0997,4.8683,6663.2,6520.5,0.18058,0.17432,0.001987,0.001877,153.55,148.91
"403","04/14/2020",5.333,5.1969,6903.2,6800.6,0.18764,0.18462,0.001993,0.001952,160.13,155.94
"404","04/13/2020",5.2269,5.1679,6899.5,6807,0.18849,0.1865,0.00197,0.001944,158.35,155.52
"405","04/12/2020",5.3104,5.0391,6920.1,6632.7,0.18941,0.18089,0.002019,0.001865,158.76,150.6
"406","04/11/2020",5.2941,5.1915,6889.8,6805.7,0.18954,0.18706,0.002033,0.00194,159.36,155.75
"407","04/10/2020",5.3169,5.2254,6915.5,6840.6,0.19107,0.18743,0.002031,0.00196,160.36,157.75
"408","04/09/2020",5.9121,5.7085,7294.4,7166.6,0.19873,0.19581,0.002039,0.001987,170.1,163.22
"409","04/08/2020",5.9227,5.7494,7360.7,7268.4,0.20229,0.19839,0.002016,0.002003,173.18,169.87
"410","04/07/2020",5.7511,5.4058,7370.1,7153.1,0.20039,0.19163,0.002046,0.001953,172.85,163.73
"411","04/06/2020",5.7449,5.5042,7440.3,7263.5,0.20459,0.19553,0.002019,0.001962,175.78,167.58
"412","04/05/2020",5.1772,5.0275,6875.8,6770.1,0.1812,0.17931,0.001928,0.001849,144.55,142.55
"413","04/04/2020",5.1819,5.1289,6889.4,6794.5,0.18201,0.18048,0.001901,0.001856,145.26,143.44
"414","04/03/2020",5.1309,5.0451,6785.3,6682.6,0.17993,0.17785,0.001871,0.001837,142.02,139.36
"415","04/02/2020",5.1544,5.0748,6830.2,6727.8,0.17988,0.17784,0.001894,0.001856,142.7,140.42
"416","04/01/2020",5.0743,4.9821,6727,6567.9,0.17648,0.1742,0.001884,0.001843,137.93,135.26
"417","03/31/2020",4.9385,4.8009,6425.5,6273.6,0.1743,0.17181,0.00184,0.001787,133.4,131.27
"418","03/30/2020",5.0116,4.9075,6513.1,6385.6,0.17338,0.17105,0.00189,0.001784,134,131.14
"419","03/29/2020",4.9052,4.8029,6022.8,5872.5,0.16775,0.16256,0.001794,0.001713,127.45,125.02
"420","03/28/2020",4.847,4.777,6258.8,6185.3,0.17651,0.17061,0.001787,0.001772,131.74,129.26
"421","03/27/2020",4.9215,4.7028,6374.3,6085.1,0.17403,0.1667,0.001864,0.001696,132.3,125.48
"422","03/26/2020",5.1977,5.0949,6813.7,6727.8,0.17927,0.17347,0.001875,0.001825,140.99,137.95
"423","03/25/2020",5.0849,5.0004,6772.9,6659.4,0.16296,0.16035,0.001845,0.001815,137.85,135.32
"424","03/24/2020",5.084,4.9449,6744.8,6542.3,0.16356,0.15998,0.001847,0.001809,141.1,135.35
"425","03/23/2020",5.1913,4.9371,6643.2,6462.4,0.16134,0.15822,0.001864,0.001814,136.74,134.39
"426","03/22/2020",4.9531,4.5224,5986.6,5710.8,0.15233,0.14544,0.001782,0.001716,125.95,120.2
"427","03/21/2020",5.1466,4.9681,6359.5,6119,0.161,0.15656,0.00191,0.001765,135.76,130.75
"428","03/20/2020",5.0289,4.8072,6355.5,6080.8,0.16098,0.15449,0.001906,0.001742,137.33,129.92
"429","03/19/2020",5.1702,4.9562,6261.9,6019.6,0.1666,0.15779,0.001848,0.001689,138.58,132.74
"430","03/18/2020",4.6514,4.4816,5404.1,5256,0.14856,0.14445,0.001685,0.001573,119.21,115.61
"431","03/17/2020",4.664,4.5746,5362.5,5220.4,0.14863,0.14627,0.001715,0.00169,117.36,115.24
"432","03/16/2020",4.7816,4.378,5368.9,4946.5,0.15061,0.13994,0.001713,0.001611,120.6,109.67
"433","03/15/2020",5.0586,4.9081,5369.3,5213.4,0.15314,0.14912,0.00172,0.001641,124.38,120.77
"434","03/14/2020",4.6603,4.5487,5277.5,5120.6,0.14729,0.14479,0.001705,0.001644,123.75,120.93
"435","03/13/2020",4.9127,4.6831,5634.9,5343.2,0.15974,0.15397,0.001785,0.001702,134.58,129.72
"436","03/12/2020",4.4259,3.1148,5499,3869.5,0.15093,0.1057,0.001709,0.001291,137.06,88.5
"437","03/11/2020",6.6142,6.2217,7963.1,7605.8,0.20973,0.19857,0.002179,0.002098,195.4,182.95
"438","03/10/2020",6.8849,6.7922,7964.9,7872.8,0.2137,0.21116,0.002221,0.002189,202.96,200.1
"439","03/09/2020",6.9573,6.7547,7966.1,7859.2,0.21002,0.207,0.002231,0.002199,204.6,200.13
"440","03/08/2020",6.7368,6.406,8158.8,8007.4,0.21048,0.20323,0.002211,0.002161,206.62,198.25
"441","03/07/2020",7.8057,7.5125,8888,8712.7,0.23622,0.23021,0.002408,0.002353,237.3,229.75
"442","03/06/2020",8.2205,8.0469,9141.5,9064.5,0.24489,0.24265,0.002497,0.002456,245.85,242.39
"443","03/05/2020",8.2727,8.0746,9079.4,9004.9,0.24138,0.23825,0.002488,0.002457,230.69,227.71
"444","03/04/2020",8.5195,7.8751,8840.3,8702.7,0.23816,0.23215,0.002504,0.00241,228.66,221.74
"445","03/03/2020",8.5195,8.3788,8830,8731.5,0.23625,0.23281,0.002503,0.002428,228.66,222.66
"446","03/02/2020",8.4915,8.236,8911.7,8798,0.2396,0.2355,0.002358,0.002317,232.15,227.76
"447","03/01/2020",7.9226,7.7001,8648,8503.1,0.22986,0.22605,0.002284,0.002251,221.89,216.23
"448","02/29/2020",7.7696,7.3519,8665.6,8532.6,0.23564,0.229,0.002286,0.002204,225.34,216.48
"449","02/28/2020",7.6415,7.4182,8766.9,8668.5,0.2403,0.23594,0.002319,0.002283,232.45,226.79
"450","02/27/2020",7.8383,7.687,8898.7,8789.8,0.24375,0.23812,0.002373,0.002328,234.55,227
"451","02/26/2020",7.7369,7.3395,8804.3,8538.5,0.2306,0.22391,0.002346,0.002298,224.52,210.36
"452","02/25/2020",9.3474,8.5344,9368.1,9125.6,0.25495,0.23564,0.002487,0.002379,250.05,236.8
"453","02/24/2020",9.3925,9.1675,9672.3,9566.7,0.27056,0.26712,0.002591,0.00255,266.17,261.08
"454","02/23/2020",9.7691,9.3405,9981,9663.3,0.28411,0.27241,0.002685,0.002597,276.81,266.08
"455","02/22/2020",9.8374,9.4601,9896.9,9653.4,0.28081,0.27484,0.002667,0.002588,267.9,261.24
"456","02/21/2020",9.7283,9.3881,9706.5,9625,0.27551,0.2716,0.002656,0.002628,266.71,260.75
"457","02/20/2020",9.3447,8.7875,9729.7,9574.5,0.27799,0.2688,0.002679,0.002624,263.69,254.15
"458","02/19/2020",9.0453,8.7914,9653.6,9525.4,0.28145,0.27348,0.002662,0.002603,264.22,257.67
"459","02/18/2020",9.8619,9.572,10177.9,10091.5,0.29851,0.29288,0.002861,0.002811,282.61,277.7
"460","02/17/2020",9.6528,8.7173,9951.5,9589.9,0.29478,0.27037,0.002756,0.002583,261.25,242.11
"461","02/16/2020",9.6528,8.7173,9951.5,9716.8,0.29478,0.27315,0.002756,0.002622,261.25,242.11
"462","02/15/2020",10.9308,10.5074,10056.4,9861.8,0.31879,0.29991,0.002954,0.002878,273.81,258.89
"463","02/14/2020",12.0662,11.8785,10369.8,10223.6,0.34553,0.3325,0.003174,0.003086,287.93,278.59
"464","02/13/2020",12.0672,11.861,10289.8,10183.1,0.3324,0.32079,0.003061,0.00298,269.9,264.84
"465","02/12/2020",12.2869,12.1792,10425.9,10305.1,0.33307,0.30374,0.003171,0.003053,274.21,265.23
"466","02/11/2020",12.3229,11.9339,10312.1,10230.1,0.2882,0.28106,0.003168,0.003041,247.11,236.73
"467","02/10/2020",11.9222,11.6928,9860.4,9725.1,0.27362,0.26764,0.00299,0.002907,223.44,218.22
"468","02/09/2020",11.7329,11.4766,10181.7,10039.8,0.28316,0.27733,0.003304,0.003094,229.28,222.59
"469","02/08/2020",12.1334,11.6938,10115.4,9882.7,0.28143,0.27697,0.003539,0.003159,228.84,223.07
"470","02/07/2020",11.78,11.1289,9826,9673.2,0.27985,0.26479,0.002824,0.002726,224.43,213.75
"471","02/06/2020",12.2628,11.644,9849.3,9749.1,0.28804,0.2811,0.00269,0.002655,220.92,213.14
"472","02/05/2020",13.0564,12.1559,9649.4,9536.1,0.28567,0.27303,0.002619,0.002576,206.51,201.29
"473","02/04/2020",11.5581,11.3346,9237.3,9179.9,0.28038,0.26719,0.002592,0.00249,190.13,188.26
"474","02/03/2020",11.8985,11.5476,9347.5,9262.8,0.25796,0.25026,0.002469,0.002415,191.48,187.13
"475","02/02/2020",12.2051,11.3062,9582.8,9301.6,0.25908,0.2497,0.00249,0.002412,194.92,187.44
"476","02/01/2020",11.5296,11.1606,9383.4,9183.1,0.24132,0.23619,0.002434,0.002371,183.68,179.49
"477","01/31/2020",11.7768,11.2775,9458.8,9342.9,0.24294,0.23894,0.002415,0.002377,184.17,179.36
"478","01/30/2020",12.3201,11.8845,9525,9405.6,0.2444,0.24023,0.00251,0.00242,185.67,182.34
"479","01/29/2020",12.3679,11.7306,9355.1,9209.2,0.23549,0.23123,0.002464,0.002392,174.5,171.2
"480","01/28/2020",11.9843,11.3593,9403.9,9283.5,0.23981,0.23773,0.00249,0.002404,177.42,175.26
"481","01/27/2020",10.9954,10.4239,9126.4,8866.6,0.23576,0.23085,0.00241,0.002354,173.53,170.27
"482","01/26/2020",9.7942,9.1727,8692.5,8608.1,0.23329,0.2283,0.002304,0.002284,169.64,166.54
"483","01/25/2020",8.5008,8.2399,8377.2,8304.9,0.22238,0.21823,0.002251,0.002244,161.76,159.55
"484","01/24/2020",8.6248,8.1332,8447.6,8277.2,0.22259,0.21688,0.002283,0.002252,162.58,157.87
"485","01/23/2020",8.5925,7.8902,8415.5,8286.5,0.22618,0.21802,0.002453,0.002258,163.42,158.12
"486","01/22/2020",9.3765,8.7927,8687.3,8576.8,0.23726,0.23094,0.002487,0.002345,168.25,164.52
"487","01/21/2020",9.2805,8.7507,8751.7,8699.4,0.23863,0.23458,0.002481,0.002357,169.97,167.97
"488","01/20/2020",9.003,8.5395,8692.1,8621.2,0.24175,0.23164,0.002478,0.00246,168.83,165.74
"489","01/19/2020",8.6176,8.256,8733.3,8645.2,0.23637,0.2307,0.002429,0.002413,167.44,164.57
"490","01/18/2020",9.1158,8.2007,9183.7,8893,0.24839,0.24138,0.002524,0.002448,177.77,173.53
"491","01/17/2020",9.7537,8.8974,8982.3,8832.3,0.24193,0.23376,0.002502,0.002476,173.54,168.18
"492","01/16/2020",9.1984,8.1846,8829.1,8675.9,0.23488,0.22672,0.002355,0.002309,167.21,162.33
"493","01/15/2020",8.123,7.3185,8850,8605.8,0.23497,0.22272,0.184558,0.00229,167.18,159.08
"494","01/14/2020",7.8595,6.6434,8891.7,8632.3,0.24313,0.22879,0.002399,0.002328,171.69,161.05
"495","01/13/2020",5.7612,5.4715,8562.1,8112.1,0.21893,0.21133,0.002235,0.002155,150.26,143.59
"496","01/12/2020",5.5844,5.4058,8196.7,8099.4,0.21551,0.21133,0.002224,0.002184,146.87,142.88
"497","01/11/2020",5.6386,5.5006,8110.4,7973.1,0.215,0.20971,0.002212,0.002147,144.44,142
"498","01/10/2020",5.5554,5.3174,8242.3,8107.9,0.21469,0.21063,0.00224,0.002181,145.23,142.95
"499","01/09/2020",5.2045,5.0571,7871.4,7792.9,0.20474,0.2005,0.002159,0.002112,138.19,136.33
"500","01/08/2020",5.1607,4.9305,8065.9,7932.8,0.20871,0.20603,0.002142,0.00213,141.6,139.6
"501","01/07/2020",4.9543,4.8122,8436.4,8150.2,0.21761,0.2119,0.002212,0.002176,147.55,142.95
"502","01/06/2020",5.0763,4.8387,7979.3,7758.9,0.22505,0.2143,0.002213,0.00215,145.13,142.33
"503","01/05/2020",5.0592,4.8652,7583,7366.7,0.19742,0.19428,0.00215,0.002078,139.9,135.17
"504","01/04/2020",4.8868,4.7488,7501,7376.7,0.1954,0.19289,0.002319,0.002301,136.97,134.32
"505","01/03/2020",4.6295,4.5286,7354.5,7291.4,0.19346,0.19196,0.002315,0.002041,134.77,132.95
"506","01/02/2020",4.3567,4.1856,7220.8,6884.1,0.19143,0.18464,0.002012,0.001989,129.79,126.05
"507","01/01/2020",4.5184,4.3893,7209.6,7121.1,0.1931,0.19087,0.002051,0.00201,130.77,128.89
"508","12/31/2019",4.5737,4.4801,7239.7,7180,0.19428,0.19223,0.00205,0.002014,130.92,128.81
"509","12/30/2019",4.7299,4.5664,7284,7228.1,0.19401,0.19255,0.002038,0.002004,132.11,131.18
"510","12/29/2019",4.6146,4.5603,7398,7329.9,0.19674,0.19498,0.002161,0.002099,135.6,133.28
"511","12/28/2019",4.4368,4.3959,7356.8,7303,0.19345,0.19107,0.002163,0.00211,128.44,127.67
"512","12/27/2019",4.6558,4.3853,7293.8,7128.5,0.18994,0.18539,0.00221,0.002067,127.04,123.18
"513","12/26/2019",4.6558,4.4103,7247,7197.2,0.18994,0.18897,0.00221,0.002157,126.73,125.31
"514","12/25/2019",4.1148,4.0369,7238,7197.4,0.18921,0.18761,0.002209,0.002196,125.74,124.7
"515","12/24/2019",4.0599,3.9038,7542.4,7231.7,0.19127,0.18852,0.002247,0.002116,128.17,125.79
"516","12/23/2019",4.0117,3.6253,7348.4,7290.7,0.19214,0.18886,0.002204,0.002114,128.67,127.56
"517","12/22/2019",4.225,4.1457,7624,7496.2,0.1982,0.19624,0.002178,0.002121,134.92,132.2
"518","12/21/2019",4.1779,4.052,7168.9,7143.1,0.19255,0.19046,0.002118,0.002102,128.12,127.09
"519","12/20/2019",4.0827,3.9991,7197.6,7158.5,0.19595,0.19198,0.002138,0.002066,128.79,127.4
"520","12/19/2019",3.7321,3.6891,7178.7,7107.7,0.18799,0.18516,0.002321,0.00219,128.79,126.8
"521","12/18/2019",3.7921,3.6823,7354,7153.8,0.19692,0.18868,0.002253,0.002196,133.9,127.28
"522","12/17/2019",3.5559,3.4563,6711.2,6597.6,0.18833,0.18187,0.00221,0.002186,125.33,121.6
"523","12/16/2019",3.7032,3.6591,6922.9,6879.2,0.2057,0.19171,0.002259,0.002243,132.96,131.37
"524","12/15/2019",3.8098,3.7757,7139.8,7057.8,0.21763,0.2124,0.002282,0.002266,142.75,141.04
"525","12/14/2019",3.802,3.7594,7089.9,7033.8,0.21654,0.21505,0.002299,0.002282,142.14,140.3
"526","12/13/2019",3.8677,3.8528,7265.8,7235.7,0.22071,0.21991,0.002323,0.002298,145.17,144.48
"527","12/12/2019",3.8475,3.8006,7251.9,7208.2,0.21997,0.21838,0.002316,0.002295,145.43,144.37
"528","12/11/2019",3.7931,3.7222,7272.4,7124.6,0.22254,0.21734,0.002324,0.002288,143.98,140
"529","12/10/2019",3.7864,3.7676,7277,7210.6,0.22357,0.2205,0.002313,0.002287,146.56,145.2
"530","12/09/2019",3.8001,3.7663,7400.3,7333.9,0.22525,0.22247,0.002309,0.002261,148.48,147
"531","12/08/2019",3.9212,3.8829,7553.5,7474.8,0.23015,0.22754,0.002299,0.002275,151.75,150.31
"532","12/07/2019",3.8617,3.8253,7517,7416.7,0.22787,0.22386,0.002312,0.002228,148.94,147.95
"533","12/06/2019",3.9415,3.8745,7595.7,7508.4,0.22793,0.22497,0.002342,0.002324,149.55,148.29
"534","12/05/2019",3.8059,3.7685,7435.4,7347.4,0.22397,0.22019,0.002355,0.002309,148.98,147.22
"535","12/04/2019",3.8404,3.7733,7340.7,7184,0.21612,0.21212,0.002304,0.002216,146.6,144.64
"536","12/03/2019",3.9153,3.7776,7292.2,7129.9,0.21953,0.21214,0.002298,0.00223,147.9,144.1
"537","12/02/2019",3.9757,3.8802,7389.4,7287.2,0.22169,0.2186,0.002332,0.002224,149.84,148.65
"538","12/01/2019",3.9858,3.9246,7433.8,7333.9,0.22611,0.22226,0.002366,0.002342,151.63,150.12
"539","11/30/2019",3.9727,3.8669,7546.5,7261,0.22556,0.21876,0.002824,0.00237,151.93,146.85
"540","11/29/2019",4.1007,4.035,7784,7729.9,0.23186,0.2288,0.002925,0.002872,155.19,153.19
"541","11/28/2019",3.9879,3.9255,7507.9,7412.3,0.22579,0.2227,0.002438,0.002417,152.9,150.64
"542","11/27/2019",3.9855,3.8734,7567.1,7479.1,0.22914,0.2237,0.002413,0.002364,154.68,151.86
"543","11/26/2019",3.9198,3.8283,7183.8,7081.1,0.22359,0.2182,0.002343,0.002312,148.46,144.75
"544","11/25/2019",3.9335,3.7796,7187.8,7083.1,0.21937,0.21379,0.002528,0.002454,148.29,144.5
"545","11/24/2019",3.7637,3.5885,6955.3,6673.5,0.22153,0.20268,0.002928,0.002268,142.58,136.95
"546","11/23/2019",4.0024,3.9202,7344.1,7242.8,0.23455,0.22913,0.003032,0.002373,153.24,150.36
"547","11/22/2019",3.8716,3.7941,7281.1,7156.7,0.23075,0.22655,0.002441,0.002414,150.38,146.6
"548","11/21/2019",4.2306,4.1752,7688.4,7619.2,0.24569,0.24218,0.00253,0.002484,163.06,161.42
"549","11/20/2019",4.4147,4.3199,8126,8086.6,0.25347,0.24897,0.002664,0.002652,175.91,174.3
"550","11/19/2019",4.5585,4.2488,8245.6,8032.8,0.25313,0.24355,0.002649,0.002574,178.7,173.48
"551","11/18/2019",4.4899,4.389,8245.6,8197.3,0.25313,0.25086,0.002641,0.002622,178.7,177.34
"552","11/17/2019",4.6198,4.5888,8512.9,8437.6,0.2631,0.26052,0.002752,0.002717,184.3,182.79
"553","11/16/2019",4.6867,4.6524,8521.1,8491.1,0.26309,0.26157,0.002688,0.002674,183.2,182.34
"554","11/15/2019",4.6125,4.567,8492.1,8450.7,0.2618,0.25937,0.002726,0.002678,181.05,179.53
"555","11/14/2019",4.7657,4.688,8668,8538.7,0.27217,0.26398,0.002744,0.002696,185.49,181.75
"556","11/13/2019",4.8606,4.8368,8799.8,8748.4,0.27269,0.27148,0.002783,0.002741,188.91,187.28
"557","11/12/2019",4.9125,4.8746,8829.7,8757.4,0.27248,0.2703,0.002785,0.002748,187.14,185.7
"558","11/11/2019",4.9292,4.8767,8769.9,8720.8,0.27623,0.27377,0.002789,0.00277,186.48,184.6
"559","11/10/2019",5.0719,5.0371,9066.4,9028.6,0.28105,0.27914,0.002829,0.002807,190.17,188.98
"560","11/09/2019",4.9834,4.9437,8804.7,8768.5,0.27989,0.27684,0.002771,0.002735,185.1,183.55
"561","11/08/2019",5.0644,4.9597,8840.3,8748.5,0.27865,0.27471,0.002847,0.002793,185.07,183.59
"562","11/07/2019",5.2659,5.1882,9250.1,9194.4,0.29084,0.28798,0.002852,0.002736,188.3,186.6
"563","11/06/2019",5.1303,5.068,9367,9285,0.31422,0.29745,0.002775,0.002726,192.27,189.24
"564","11/05/2019",5.0724,5.0349,9336.6,9279.2,0.30081,0.29708,0.00275,0.002627,190.71,188.13
"565","11/04/2019",4.9882,4.9285,9452.7,9349.5,0.30416,0.29793,0.002699,0.002649,187.02,185.02
"566","11/03/2019",4.9265,4.846,9208.5,9148,0.2916,0.28928,0.002895,0.002844,182,180.98
"567","11/02/2019",4.991,4.9236,9332.3,9300.1,0.29586,0.2944,0.002785,0.002676,183.57,183
"568","11/01/2019",4.8987,4.8669,9270.1,9217.9,0.29448,0.29133,0.002663,0.002642,183.51,182.5
"569","10/31/2019",4.8409,4.8022,9154.1,9113,0.29448,0.29242,0.002644,0.002615,182.71,181.4
"570","10/30/2019",4.8516,4.7692,9202.5,9066.1,0.29838,0.29211,0.002659,0.002621,185.21,181.65
"571","10/29/2019",4.9849,4.8949,9411.3,9288.8,0.30527,0.30077,0.002798,0.002661,191.58,188.56
"572","10/28/2019",5.1358,4.7564,9304.3,9203.6,0.29655,0.29441,0.002791,0.002687,184.18,181.67
"573","10/27/2019",4.9909,4.7785,9866.9,9530.1,0.30443,0.29726,0.00271,0.002663,188.91,183.65
"574","10/26/2019",4.62,4.5407,9359.6,9114.5,0.29563,0.28991,0.002683,0.002662,181.58,178.06
"575","10/25/2019",5.088,4.7345,8888.9,8565,0.312,0.29739,0.00289,0.002694,192.54,181.5
"576","10/24/2019",4.3347,4.2634,7448.8,7423,0.27718,0.27471,0.00261,0.002586,161.28,160.69
"577","10/23/2019",4.2822,4.2371,7501.5,7432.3,0.2733,0.26872,0.002577,0.002532,162.61,160.38
"578","10/22/2019",4.48,4.4498,8055,8011.2,0.29119,0.28817,0.002645,0.002571,171.61,170.99
"579","10/21/2019",4.616,4.5812,8207.8,8174.7,0.29249,0.29071,0.00272,0.002701,174.51,173.49
"580","10/20/2019",4.5018,4.4837,8232.6,8191.9,0.29407,0.29041,0.0028,0.002795,175.14,173.97
"581","10/19/2019",4.4252,4.3718,7959,7898.9,0.29172,0.28208,0.002809,0.002787,171.93,169.57
"582","10/18/2019",4.4156,4.3777,7952.6,7903.3,0.29474,0.28985,0.002761,0.002735,173.08,171.56
"583","10/17/2019",4.5163,4.482,8109.1,8056.4,0.30187,0.29812,0.00286,0.002748,177.47,176.49
"584","10/16/2019",4.4706,4.4154,8002,7967.3,0.28453,0.28101,0.002591,0.002574,174.68,173.52
"585","10/15/2019",4.5951,4.5358,8185.9,8153.7,0.29202,0.28818,0.002561,0.002544,181.08,179.53
"586","10/14/2019",4.8,4.7506,8400.2,8319.6,0.29878,0.29428,0.002569,0.00256,187.67,185.87
"587","10/13/2019",4.7736,4.7273,8307.7,8251.8,0.28551,0.2765,0.002473,0.002451,182.85,180.65
"588","10/12/2019",4.7701,4.6883,8365,8289.1,0.27585,0.27164,0.002388,0.002381,182.77,178.89
"589","10/11/2019",4.6996,4.6437,8330.6,8260.9,0.27307,0.26728,0.002371,0.002366,183.76,180.6
"590","10/10/2019",4.874,4.8141,8573.6,8488.1,0.27148,0.26772,0.002394,0.002378,191.64,188.87
"591","10/09/2019",5.0886,4.979,8591.5,8524.5,0.2817,0.27598,0.002446,0.002437,193.68,191.34
"592","10/08/2019",4.6358,4.6093,8205.6,8159.6,0.27967,0.27471,0.002433,0.002429,181.97,180.49
"593","10/07/2019",4.7241,4.6645,8287.6,8198.5,0.28277,0.2748,0.002533,0.002524,184.51,179.73
"594","10/06/2019",4.6281,4.5588,8145.5,7944.2,0.25512,0.25104,0.002514,0.002379,176.87,174.05
"595","10/05/2019",4.6223,4.5706,8145.5,8031.4,0.25337,0.25104,0.002414,0.002395,176.87,174.62
"596","10/04/2019",4.6593,4.5628,8160.3,8116.6,0.25252,0.25097,0.00257,0.002558,175.86,174.75
"597","10/03/2019",4.6044,4.5293,8233.6,8079.3,0.24941,0.24493,0.002389,0.002339,174.77,172.27
"598","10/02/2019",4.6897,4.6246,8391.7,8315.4,0.25292,0.25019,0.002423,0.002398,180.57,178.86
"599","10/01/2019",4.6616,4.6118,8330,8277.5,0.24893,0.24724,0.002458,0.002436,177.41,174.69
"600","09/30/2019",4.7363,4.6573,8293.1,8187.9,0.25759,0.25271,0.002457,0.002417,181.07,178
"601","09/29/2019",4.5545,4.4742,8060,7978.6,0.24043,0.23769,0.002359,0.002266,169.9,168.3
"602","09/28/2019",4.6865,4.6679,8226.8,8164.7,0.24225,0.24053,0.002335,0.002295,174.43,172.27
"603","09/27/2019",4.7101,4.6585,8213.9,8129,0.24429,0.24109,0.002352,0.002318,174.44,172.67
"604","09/26/2019",4.7087,4.6243,8091.3,7957.2,0.24343,0.23734,0.002236,0.002156,165.17,162.89
"605","09/25/2019",4.8221,4.7198,8443.3,8355.6,0.24597,0.24183,0.002303,0.002236,169.14,166.9
"606","09/24/2019",4.912,4.6683,8729.8,8510.2,0.24354,0.23323,0.002289,0.002208,174.26,166.1
"607","09/23/2019",5.8263,5.7495,9787.6,9630.4,0.26922,0.26444,0.002601,0.002576,202.97,200.02
"608","09/22/2019",6.0113,5.9502,10048.8,9968.3,0.27706,0.27442,0.002659,0.002632,211.76,208.52
"609","09/21/2019",6.1551,6.047,10008,9885.3,0.28983,0.27921,0.002683,0.002645,215.64,209.74
"610","09/20/2019",6.1983,6.1594,10177.9,10147.6,0.29728,0.29245,0.002728,0.002706,221.17,217.43
"611","09/19/2019",6.22,6.1295,10279.5,10217.6,0.30151,0.28934,0.002742,0.002708,221.27,217.28
"612","09/18/2019",6.3732,6.2054,10187.4,10118,0.31348,0.298,0.002751,0.002705,210.45,205.88
"613","09/17/2019",6.3698,6.2762,10230.7,10191.6,0.30625,0.28523,0.00262,0.002596,212.23,207.69
"614","09/16/2019",6.2223,6.1658,10261.2,10198.4,0.26143,0.25975,0.002514,0.002498,198.63,196.97
"615","09/15/2019",6.3217,6.2511,10360.5,10309,0.26299,0.26024,0.002542,0.002516,194.34,189.09
"616","09/14/2019",6.2513,6.2114,10360.4,10312.2,0.26276,0.26131,0.00249,0.002408,190.23,187.54
"617","09/13/2019",6.1893,6.1672,10355,10299.1,0.25548,0.25427,0.002486,0.00246,181.41,180.36
"618","09/12/2019",6.2115,6.1194,10441.4,10336.7,0.25463,0.25328,0.00249,0.002457,181.53,180.12
"619","09/11/2019",6.3613,6.2552,10200.7,10107,0.25559,0.25429,0.002489,0.002456,178.95,177.48
"620","09/10/2019",6.5837,6.4738,10257.5,10075.1,0.2604,0.25669,0.002487,0.002468,182.27,179.85
"621","09/09/2019",6.6619,6.3796,10478,10095.7,0.26396,0.25664,0.002581,0.002491,184.76,176.25
"622","09/08/2019",6.6619,6.551,10411.9,10360.5,0.26262,0.26044,0.002581,0.002534,181.57,180.19
"623","09/07/2019",6.6789,6.6029,10515.1,10461.6,0.26104,0.25989,0.00259,0.002533,179.36,177.76
"624","09/06/2019",6.6644,6.3175,10379.4,10302.3,0.25147,0.2503,0.002579,0.002565,169.53,168.42
"625","09/05/2019",7.0758,6.9734,10596.9,10557.8,0.25658,0.2552,0.002522,0.002508,174.2,173.08
"626","09/04/2019",6.8503,6.7069,10571.1,10497.4,0.25852,0.25754,0.002904,0.002877,174.83,173.77
"627","08/16/2019",5.6493,5.4481,10530.9,9788.6,0.26501,0.25534,0.00273,0.002605,188.03,179.35
"628","08/15/2019",5.6493,5.5734,10413.8,10253.9,0.26501,0.26303,0.002675,0.002658,188.03,186.48
"629","08/14/2019",5.7764,5.5975,10195.2,10013.8,0.26724,0.2632,0.002811,0.002755,189.3,186.62
"630","08/13/2019",6.0293,5.9174,10894.5,10554.4,0.29853,0.29514,0.00287,0.002852,209.43,206.46
"631","08/11/2019",5.8787,5.655,11728.4,11146.1,0.30591,0.29551,0.002934,0.002804,215.04,205.64
"632","08/10/2019",5.8188,5.655,11445,11300.6,0.3026,0.29915,0.002904,0.002804,211.34,205.64
"633","08/06/2019",6.2492,6.0707,12291.9,11588.7,0.32398,0.31544,0.003087,0.002993,237.47,226.8
"634","08/05/2019",6.1822,6.1093,11830.2,11588.7,0.32229,0.3175,0.003049,0.003013,232.49,226.8
"635","08/04/2019",6.1916,6.0925,11443.7,10935.5,0.32067,0.31828,0.003004,0.002935,226.77,220.75
"636","08/03/2019",5.8967,5.8691,10889,10810.1,0.31682,0.31544,0.002927,0.002909,222.21,220.85
"637","08/02/2019",5.9441,5.8647,10785.3,10504.5,0.31567,0.31104,0.002943,0.002904,223,215.52
"638","08/01/2019",5.9649,5.9193,10439.9,10331.9,0.31594,0.31363,0.002938,0.002923,216.81,214.91
"639","07/31/2019",6.0659,5.9465,10145,9993.1,0.31967,0.31568,0.002905,0.002854,217.55,211.41
"640","07/30/2019",5.9883,5.9136,9703.9,9562.4,0.32044,0.31792,0.002928,0.00277,211.46,208.17
"641","07/29/2019",5.9391,5.8873,9607.5,9544.6,0.31089,0.30882,0.002845,0.002828,210.46,207.09
"642","07/28/2019",6.0858,5.8476,9835.4,9697,0.31422,0.31038,0.00289,0.002835,214.45,208.4
"643","07/27/2019",5.9524,5.9048,9499.3,9401.1,0.30994,0.30859,0.002868,0.002854,207.05,205.81
"644","07/26/2019",6.3052,6.1889,10232.3,9818.2,0.32587,0.32219,0.003001,0.002949,222.7,217.55
"645","07/25/2019",6.0052,5.8914,9947.4,9732.8,0.31341,0.3088,0.002957,0.00292,217.67,212.07
"646","07/24/2019",6.2292,6.077,10203.3,9776.6,0.3219,0.31487,0.002991,0.002893,223.3,214.79
"647","07/23/2019",6.0372,5.8744,9888.9,9628.2,0.30891,0.30412,0.002921,0.002859,211.86,202.3
"648","07/22/2019",6.3716,6.2584,10414.6,10294.8,0.32125,0.317,0.003017,0.002995,217.23,214.68
"649","07/21/2019",6.2986,6.2513,10806.3,10693.7,0.33213,0.32752,0.003099,0.003078,227.47,223.53
"650","07/20/2019",6.2196,6.1279,10883.8,10746.9,0.33469,0.3302,0.003159,0.003105,228.76,224.97
"651","07/19/2019",5.9218,5.8379,10650.4,10462,0.32306,0.31854,0.003087,0.003004,222.67,219.8
"652","07/18/2019",6.0323,5.968,10721.9,10590.3,0.32197,0.31855,0.003129,0.003095,225.68,222.61
"653","07/17/2019",5.7395,5.6103,9858.7,9617.8,0.3134,0.30718,0.00293,0.002874,213.86,206.7
"654","07/16/2019",5.4571,5.2673,9613.6,9252.9,0.29852,0.2933,0.002882,0.002745,203.21,194.45
"655","07/15/2019",5.8614,5.7629,11019.5,10772.3,0.3194,0.31285,0.00313,0.003082,234.41,228.39
"656","07/14/2019",5.6558,5.133,10201.9,9885.4,0.30437,0.29498,0.00297,0.002862,226.66,204.39
"657","07/13/2019",6.6311,6.5735,11448.7,11274.6,0.33506,0.33032,0.003295,0.003253,269.62,267.68
"658","07/12/2019",6.7773,6.7129,11798.4,11624.6,0.34423,0.33816,0.003374,0.00327,275.04,272.76
"659","07/11/2019",6.7111,6.5685,11519.8,11224.6,0.33112,0.32621,0.00329,0.003225,274.28,267.17
"660","07/10/2019",7.2744,7.0879,12111.3,11810.9,0.36235,0.35493,0.003408,0.003309,289.14,281.88
"661","07/09/2019",7.9215,7.8701,13026.8,12523.2,0.39611,0.39228,0.003529,0.003488,312.09,306.63
"662","07/08/2019",8.0377,7.9729,12660,12187.4,0.40631,0.40059,0.003514,0.003458,314.91,309.79
"663","07/07/2019",7.9736,7.9106,11456.5,11352.6,0.39682,0.39314,0.00359,0.003563,306.91,301.6
"664","07/06/2019",7.8385,7.7983,11266.8,11155.7,0.39075,0.38725,0.003526,0.003465,288.89,285.28
"665","07/05/2019",7.9063,7.7984,11378.1,10967.9,0.38398,0.37877,0.003932,0.00373,292.7,286.83
"666","07/04/2019",7.7754,7.6973,11277,11045.7,0.3888,0.38608,0.003202,0.003165,286.9,281.92
"667","07/03/2019",7.8585,7.7658,11948,11721.4,0.40452,0.40148,0.003352,0.003326,301.56,297.45
"668","07/02/2019",7.9127,7.7059,11422.4,10836.4,0.40511,0.39815,0.003237,0.003163,298.42,291.48
"669","07/01/2019",7.8885,7.6652,10685.5,10225.9,0.41065,0.39927,0.003293,0.003241,297,286.69
"670","06/30/2019",8.0011,7.7162,11146.9,10728.1,0.4212,0.39376,0.003335,0.003259,300.54,290.24
"671","06/29/2019",8.648,8.2752,12140.1,11906,0.42827,0.42346,0.003401,0.003358,323.21,318.26
"672","06/28/2019",8.0403,7.7884,12422.9,11673.1,0.42625,0.40903,0.003419,0.003285,310.78,298.12
"673","06/27/2019",8.0645,7.7133,11718.4,11199.8,0.41723,0.40736,0.003524,0.003358,306.81,295.3
"674","06/26/2019",9.194,8.8117,13422,12543.1,0.47071,0.45811,0.003427,0.003272,345.83,329.83
"675","06/25/2019",9.3045,9.2038,11985.3,11747.3,0.47482,0.4614,0.003349,0.003273,319.68,315.99
"676","06/24/2019",9.3355,9.249,11116.8,11033.7,0.47639,0.47105,0.00337,0.003343,312.73,310.07
"677","06/23/2019",9.2985,8.9509,10897.3,10630.9,0.47018,0.451,0.003315,0.003282,308.51,297.9
"678","06/22/2019",9.3094,9.1684,10947.1,10703.9,0.49215,0.47688,0.003344,0.003303,318.5,310.39
"679","06/21/2019",8.943,8.6522,10734.3,10031.3,0.4494,0.44022,0.003293,0.003088,305.34,292.09
"680","06/20/2019",8.6792,8.4995,9785.1,9517.4,0.44178,0.42973,0.003154,0.003097,283.6,271.47
"681","06/19/2019",8.5321,8.1979,9275.9,9228.7,0.43421,0.43204,0.003143,0.003138,268.72,267.66
"682","06/18/2019",8.4931,8.4075,9169.1,9044,0.42956,0.42432,0.003113,0.003093,266.93,263.61
"683","06/17/2019",8.7941,8.7253,9336.1,9236.1,0.45471,0.4446,0.003195,0.003183,273.26,270.37
"684","06/16/2019",8.7849,8.693,9175,8960.1,0.43139,0.42721,0.003226,0.003175,272.55,268
"685","06/15/2019",8.5872,8.4775,8955.5,8771.1,0.4104,0.40683,0.003155,0.003122,269.81,265.93
"686","06/14/2019",8.5676,8.4956,8668.3,8582.3,0.40837,0.40039,0.003109,0.003093,265.77,260.93
"687","06/13/2019",8.5501,8.3692,8240.5,8153.2,0.39973,0.39329,0.003085,0.003052,256.54,252.01
"688","06/12/2019",8.5909,8.4757,8145.3,8085.5,0.40797,0.39857,0.003087,0.00305,262.47,258.59
"689","06/11/2019",8.2606,8.1686,7894.6,7805.8,0.39207,0.38752,0.003059,0.003036,244.81,242.57
"690","06/10/2019",8.2992,8.162,8010.4,7928.5,0.40176,0.39397,0.003081,0.003067,247.77,244.12
"691","06/09/2019",8.1007,7.9713,7658.4,7523.6,0.38581,0.38064,0.002989,0.002965,234.64,227.38
"692","06/08/2019",8.4514,8.2024,7937.5,7851.3,0.40844,0.40379,0.003108,0.003089,243.79,240.36
"693","06/07/2019",8.3798,8.1454,8044.4,7962.3,0.42205,0.41817,0.003153,0.003139,250.51,248.37
"694","06/06/2019",7.9749,7.8187,7813.7,7752.9,0.42033,0.41434,0.003093,0.003075,249.98,246.11
"695","06/05/2019",8.1714,8.0553,7848.7,7751.1,0.40356,0.39933,0.003034,0.003012,246.94,244.6
"696","06/04/2019",8.3676,8.1235,7793.8,7685.7,0.4028,0.39707,0.003067,0.002962,243.57,240.15
"697","06/03/2019",9.3646,8.8123,8118.1,7824,0.41877,0.40051,0.003187,0.003079,250.28,241.88
"698","06/02/2019",9.5392,9.3609,8734.9,8631.5,0.4441,0.43935,0.003376,0.00335,269.26,265
"699","06/01/2019",8.7289,8.5654,8592.2,8534.8,0.43449,0.42786,0.003384,0.003351,268.43,263.73
"700","05/31/2019",8.6988,8.5299,8584,8499.4,0.44121,0.43276,0.003404,0.003331,274.94,265.64
"701","05/30/2019",8.2947,8.0858,8382.8,8269,0.42637,0.41732,0.003248,0.003174,258.77,253.83
"702","05/29/2019",8.5206,8.092,8715.1,8558.5,0.45116,0.43597,0.003183,0.003129,273.29,267.16
"703","05/28/2019",8.2451,7.9805,8715.6,8617.6,0.44861,0.43539,0.003145,0.0031,271.16,266.98
"704","05/27/2019",8.3839,8.0249,8794.1,8724.6,0.43918,0.42618,0.003145,0.003085,273.4,268.63
"705","05/26/2019",7.7146,7.5744,8838.9,8627.9,0.41541,0.40447,0.003081,0.00304,269.27,264.11
"706","05/25/2019",7.291,7.2055,8046.5,7997.6,0.39103,0.38339,0.002979,0.002968,251.55,250.24
"707","05/24/2019",7.3121,7.2234,8033.1,7941,0.3866,0.38124,0.002994,0.002976,251.08,247.9
"708","05/23/2019",7.1296,7.0021,7906.8,7816.6,0.38167,0.37664,0.002956,0.002933,246.15,242.45
"709","05/22/2019",6.957,6.8562,7679.3,7558.3,0.37557,0.37146,0.002937,0.002853,245.09,241.84
"710","05/21/2019",7.4809,7.3681,7998.4,7906.7,0.40906,0.39523,0.003056,0.003022,259.7,253.32
"711","05/20/2019",7.445,7.33,8016.8,7836.3,0.40426,0.39016,0.002997,0.002974,254.94,248.89
"712","05/19/2019",7.7692,7.3771,8156.4,7818.2,0.41542,0.39403,0.003134,0.003,259.68,245.9
"713","05/18/2019",7.6351,7.1487,7772.2,7252.3,0.3884,0.3708,0.003077,0.002956,248.46,232.85
"714","05/17/2019",7.3566,7.1442,7434.6,7242.2,0.39294,0.37653,0.002932,0.002878,247.84,237.45
"715","05/16/2019",7.7994,7.6112,7924,7765,0.42271,0.40176,0.003151,0.003013,267.8,252.72
"716","05/15/2019",8.067,7.5626,8288.2,8142,0.47574,0.45364,0.003469,0.003316,268.43,247.19
"717","05/14/2019",6.7347,6.5057,8123.4,7963.3,0.4486,0.40908,0.003124,0.003038,222.93,217.32
"718","05/13/2019",6.4057,6.0621,8041,7784.8,0.37287,0.32271,0.002788,0.002726,204.96,195.22
"719","05/12/2019",5.9278,5.7934,7087.4,6893.1,0.32307,0.30893,0.002686,0.002608,190.69,185.69
"720","05/11/2019",6.1914,5.6087,6974.3,6386.5,0.32541,0.29929,0.00261,0.002494,193.05,172.75
"721","05/10/2019",5.6728,5.6132,6518.5,6386.5,0.30089,0.29929,0.002521,0.002494,177.43,172.75
"722","05/09/2019",5.5803,5.5021,6225.8,6157.8,0.29612,0.29408,0.002501,0.002466,171.16,168.86
"723","05/08/2019",5.7854,5.705,6105,5990,0.30188,0.29976,0.002555,0.002537,173.28,170.26
"724","05/07/2019",5.6966,5.6139,5891.3,5799.1,0.30097,0.29688,0.002561,0.002524,169.68,165.7
"725","05/06/2019",5.875,5.6931,5944.2,5745.5,0.30666,0.30294,0.002633,0.002595,181.39,172.97
"726","05/05/2019",5.7105,5.6023,5774.5,5688.1,0.30244,0.29903,0.002663,0.00261,163.1,161.6
"727","05/04/2019",5.9337,5.8322,5821,5319.5,0.30994,0.30175,0.002736,0.002497,165.57,160.05
"728","05/03/2019",6.0784,5.8322,5837,5319.5,0.3127,0.30175,0.002767,0.002497,168.98,160.05
"729","03/18/2019",4.4862,4.3248,4032.3,3958.5,0.31948,0.31241,0.002081,0.002037,141.87,136.86
"730","03/17/2019",4.4807,4.321,4009.8,3956.3,0.31902,0.31445,0.002057,0.002026,141.17,137.61
"731","03/16/2019",4.5806,4.3971,4050.6,3923.7,0.32277,0.31494,0.002079,0.002027,143.95,136.75
"732","03/15/2019",4.4693,4.2959,3935.7,3874.8,0.31665,0.31117,0.002047,0.002011,137.68,132.45
"733","03/14/2019",4.3425,4.1927,3914.7,3828.4,0.3168,0.30686,0.002029,0.00199,134.82,130.48
"734","03/13/2019",4.2893,4.1833,3894.7,3847.4,0.3252,0.30781,0.002073,0.001992,133.84,131.2
"735","03/12/2019",4.3054,4.1446,3900.1,3817.1,0.31157,0.30641,0.002029,0.0019,134.93,129.14
"736","03/11/2019",4.348,4.1914,3935.5,3842.4,0.31447,0.30799,0.001967,0.00192,136.23,131.66
"737","03/10/2019",4.353,4.183,3944.5,3889.2,0.31692,0.30933,0.001978,0.001955,137.75,134.53
"738","03/09/2019",4.325,4.1855,3964,3859.7,0.31886,0.30746,0.001987,0.001939,138.57,133.38
"739","03/08/2019",4.4059,4.1119,3929,3810.7,0.31624,0.3052,0.00197,0.001929,139.45,131.66
