"","Date","High_nasdaq","Low_nasdaq","High_s_and_p","Low_s_and_p","High_etc","Low_etc","High_btc","Low_btc","High_xrp","Low_xrp","High_doge","Low_doge","High_eth","Low_eth"
"1","05/21/2021",13616.58,13463.26,"4,188.72","4,151.72",64.7593,58.7872,38056.8,36606.7,1.01342,0.93707,0.359675,0.331663,2481.06,2311.87
"2","05/20/2021",13563.52,13355.71,"4,172.80","4,121.97",78.106,72.8,42108.3,40521.5,1.21581,1.14958,0.411212,0.395935,2931.66,2766.02
"3","05/19/2021",13304.61,13072.23,"4,116.93","4,061.41",62.7196,54.5274,38573.3,35010.4,1.11249,0.91194,0.348367,0.297074,2539.36,2163.4
"4","05/18/2021",13485.34,13299.93,"4,169.15","4,125.99",90.2152,79.7141,43516.6,40164.2,1.64286,1.45973,0.477866,0.419176,3434.01,3065.84
"5","05/17/2021",13399.17,13265.4,"4,171.92","4,142.69",95.5691,88.7001,45231.4,43186.8,1.5319,1.47421,0.493833,0.481705,3415,3244.93
"6","05/14/2021",13460.88,13242.97,"4,183.13","4,129.58",114.632,103.254,50640.9,49303.7,1.42712,1.37838,0.563262,0.525786,4129.99,4013.04
"7","05/13/2021",13247.87,13007.24,"4,131.58","4,074.99",90.9105,86.6501,50387.3,49258,1.37334,1.33137,0.498085,0.464572,3893.57,3694.54
"8","05/12/2021",13288.61,13002.54,"4,134.73","4,056.88",94.8217,76.9054,50843,46331.1,1.35212,1.20537,0.452448,0.353838,4031.99,3539.96
"9","05/11/2021",13423.31,13107.67,"4,162.04","4,111.53",112.121,108.83,57753,56597.1,1.53448,1.47261,0.50371,0.480366,4327.76,4151.39
"10","05/10/2021",13687.93,13401.74,"4,236.39","4,188.13",108.492,102.264,56384.2,54550.4,1.44365,1.3587,0.473664,0.44294,4025.11,3781.86
"11","05/07/2021",13828.62,13690.75,"4,238.04","4,201.64",124.656,118.169,58412.9,56972.2,1.61806,1.56182,0.710233,0.667511,3549.69,3453.37
"12","05/06/2021",13635.73,13439.39,"4,202.70","4,147.33",148.652,118.674,57080.7,55533.7,1.62134,1.52011,0.597059,0.519357,3530.84,3401.11
"13","05/05/2021",13753.05,13553.93,"4,187.72","4,160.94",98.9871,87.4623,57560.8,56623.5,1.76001,1.61386,0.663006,0.622845,3537.12,3442.35
"14","05/04/2021",13795.57,13485.59,"4,179.04","4,128.59",79.1997,71.0335,55088.1,53872.5,1.46216,1.39752,0.563625,0.559485,3331.54,3295.34
"15","05/03/2021",14042.12,13881.51,"4,209.39","4,188.03",54.881,49.2236,57201.3,54735.3,1.55703,1.41283,0.447674,0.398416,3446.51,3188.9
"16","04/30/2021",14084.76,13941.63,"4,198.10","4,174.85",38.9946,36.246,58449.4,57528.9,1.62527,1.55588,0.342816,0.327317,2846.81,2753.6
"17","04/29/2021",14211.57,13952.8,"4,218.78","4,176.81",34.5629,33.7592,53802.7,53088.7,1.40511,1.37604,0.314736,0.300761,2768.03,2727.5
"18","04/28/2021",14133.65,14034.7,"4,201.53","4,181.78",35.3485,33.8654,55173.7,54164.4,1.40815,1.32815,0.323797,0.310532,2753.4,2686.07
"19","04/27/2021",14171.24,14064.28,"4,193.35","4,176.22",36.3571,33.8116,55718.8,54871.9,1.44663,1.38233,0.272041,0.264951,2714.94,2629.85
"20","04/26/2021",14154.03,14019.5,"4,194.19","4,182.36",33.8413,31.9413,54120.6,53431.1,1.45828,1.34764,0.270397,0.264018,2546.63,2484.44
"21","04/23/2021",14062.74,13856.83,"4,194.17","4,138.78",32.8253,30.4483,51183,49380.6,1.17095,1.09342,0.253743,0.229214,2367.46,2229.62
"22","04/22/2021",14015.87,13771.04,"4,179.57","4,123.69",34.5012,25.1224,52099.9,48788.3,1.19593,0.89374,0.269065,0.166312,2440.21,2141.95
"23","04/21/2021",13951.35,13706.86,"4,175.02","4,126.35",33.837,31.578,54606.2,52585.9,1.34175,1.27003,0.308197,0.272251,2448.59,2319.93
"24","04/20/2021",13927.67,13698.67,"4,159.18","4,118.38",35.5026,33.3858,56764.4,55447.9,1.46239,1.36477,0.333825,0.301313,2360.69,2281.78
"25","04/19/2021",14041.79,13842.57,"4,180.81","4,150.47",33.6577,30.0577,55776.8,54404.6,1.32224,1.18308,0.412781,0.348792,2173.73,2067.73
"26","04/16/2021",14062.5,13977.05,"4,191.31","4,170.75",48.6281,38.3103,62509.1,61155.6,1.64544,1.53728,0.378924,0.305581,2489.45,2423.04
"27","04/15/2021",14049.13,13970.42,"4,173.49","4,139.76",33.3128,28.5805,63518.5,62738.3,1.80402,1.71021,0.295464,0.180132,2544.54,2478.92
"28","04/14/2021",14033.63,13839.04,"4,151.69","4,120.87",22.3549,21.459,63347.3,62361.7,1.88408,1.71221,0.134198,0.120291,2475.98,2402.75
"29","04/13/2021",14011.51,13902.45,"4,148.00","4,124.43",22.4674,21.2037,63818.7,63080.7,1.84071,1.74907,0.117864,0.092535,2349.99,2281.49
"30","04/12/2021",13877,13783.95,"4,131.76","4,114.82",19.8248,19.4223,61068.3,59839.4,1.47542,1.42122,0.077093,0.070709,2175.04,2136.49
"31","04/09/2021",13905.41,13748.35,"4,129.48","4,095.51",19.0455,18.3207,59149.9,57900,1.06729,1.00711,0.062109,0.060969,2145.32,2058.23
"32","04/08/2021",13830.14,13758.71,"4,098.19","4,082.54",20.0969,19.3215,58391.3,57832.9,1.05998,1.01013,0.062287,0.06117,2097.6,2070.14
"33","04/07/2021",13733.03,13653.59,"4,083.13","4,068.31",19.8366,18.097,56674.6,55721.6,0.94407,0.90415,0.060732,0.058705,1994.32,1951.83
"34","04/06/2021",13776.71,13674.28,"4,086.23","4,068.14",19.6732,17.7033,58192.7,57286.9,1.10128,1.03184,0.067151,0.06258,2128.25,2082.07
"35","04/05/2021",13720.58,13582.76,"4,083.42","4,034.44",16.9968,15.973,59487,58662,0.93929,0.81318,0.060615,0.058954,2150.78,2108.81
"36","04/01/2021",13487.08,13404.18,"4,020.63","3,992.78",14.6795,14.1048,60134.9,58496.3,0.58113,0.56818,0.062794,0.05868,2010.3,1949.99
"37","03/31/2021",13325.54,13118.38,"3,994.41","3,966.98",14.4873,14.0632,59309.8,58738.9,0.59179,0.56473,0.054239,0.053723,1944.08,1914.09
"38","03/30/2021",13075.75,12922.57,"3,968.01","3,944.35",13.5301,12.911,59030.2,58429.8,0.57137,0.53095,0.054484,0.053543,1861.85,1817.09
"39","03/29/2021",13143.41,12968.16,"3,981.83","3,943.25",12.6843,12.3487,57752.7,57128.3,0.56917,0.55924,0.054407,0.053738,1827.16,1788.6
"40","03/26/2021",13149.55,12878.72,"3,978.19","3,917.12",11.856,11.6425,55532.1,54551.8,0.57414,0.55556,0.054782,0.053484,1717.19,1687.49
"41","03/25/2021",13021.86,12786.81,"3,919.54","3,853.50",11.3606,11.0762,52669.2,51306.1,0.53551,0.51046,0.052329,0.051241,1628.28,1586.36
"42","03/24/2021",13292.92,12961.35,"3,942.08","3,889.07",11.4618,10.8069,52763,51561.3,0.49169,0.46029,0.052068,0.050231,1597.09,1550.11
"43","03/23/2021",13405.14,13202.43,"3,949.13","3,901.57",12.4853,12.0866,54716.8,53579.1,0.55184,0.53643,0.054017,0.052773,1685.04,1652.07
"44","03/22/2021",13455.64,13278.78,"3,955.31","3,914.16",12.3997,11.6136,55287.5,53842.1,0.59555,0.54244,0.056043,0.054495,1712.43,1668.86
"45","03/19/2021",13252.37,13039.45,"3,930.12","3,886.75",12.4887,12.2192,58877.5,57863,0.47892,0.46472,0.058845,0.058042,1835.31,1801.6
"46","03/18/2021",13384.46,13101.92,"3,969.62","3,910.86",12.2741,11.9214,57876.5,56305.1,0.47114,0.45977,0.057601,0.056462,1848.88,1735.42
"47","03/17/2021",13595,13272.69,"3,983.87","3,935.74",12.6642,12.4319,59489.4,58621.9,0.47847,0.46582,0.05915,0.057758,1849.23,1812.94
"48","03/16/2021",13620.71,13397.08,"3,981.04","3,953.44",12.4493,12.2195,57121,55683.4,0.48159,0.45749,0.058881,0.058054,1811.93,1763.65
"49","03/15/2021",13460.35,13272.5,"3,970.08","3,923.54",12.3382,11.5511,56024.1,53342.6,0.4632,0.42752,0.057432,0.055365,1803.06,1715.97
"50","03/12/2021",13324.69,13158.72,"3,944.99","3,915.21",11.9442,11.5543,57271.8,56118.8,0.4415,0.43274,0.055763,0.054694,1767.3,1730.46
"51","03/11/2021",13433.62,13246.33,"3,960.27","3,915.54",12.5377,12.0456,58052.3,56545.9,0.46385,0.44568,0.056965,0.055287,1841.19,1797.03
"52","03/10/2021",13277.11,13035.44,"3,917.35","3,885.73",12.5951,11.8177,56461,55168.1,0.4641,0.45066,0.056119,0.054895,1816.29,1764.46
"53","03/09/2021",13151.54,12882.49,"3,903.76","3,851.93",12.7436,11.6377,55772.3,53187.5,0.48804,0.456,0.058642,0.054554,1875.98,1759.5
"54","03/08/2021",13001,12599.23,"3,881.06","3,819.25",12.6572,11.5199,54077.9,51941.3,0.48656,0.47178,0.062851,0.058396,1858.77,1809.09
"55","03/05/2021",12941.21,12397.05,"3,851.69","3,730.19",11.0555,10.8071,49132.7,48166.4,0.47019,0.45404,0.052437,0.049522,1548.06,1521.6
"56","03/04/2021",13068.71,12553.96,"3,843.67","3,723.34",11.0047,10.3403,48363.6,46370.1,0.48268,0.44664,0.049984,0.048026,1540.66,1447.45
"57","03/03/2021",13372.52,12995.07,"3,874.47","3,818.86",11.7096,11.0612,51757.7,49111.5,0.45875,0.43684,0.051118,0.049732,1623.73,1535.9
"58","03/02/2021",13601.33,13352,"3,906.41","3,868.57",11.2925,10.8129,49309.1,48159.2,0.44302,0.4314,0.050677,0.050011,1547,1477.72
"59","03/01/2021",13596.59,13362.66,"3,914.50","3,842.51",11.2983,10.7621,50191.9,48662.2,0.45414,0.43783,0.052423,0.050556,1602.13,1515.22
"60","02/26/2021",13368.06,13024.53,"3,861.08","3,789.54",11.3359,10.7095,48018.5,46205.2,0.44399,0.42778,0.051993,0.050342,1515.83,1439.84
"61","02/25/2021",13602.86,13066.38,"3,925.02","3,814.04",11.1609,10.412,47749.1,46051.2,0.44292,0.413,0.051728,0.048969,1526.62,1449.19
"62","02/24/2021",13607.36,13286.59,"3,928.65","3,859.60",12.1815,11.4528,50857.8,49597.9,0.48146,0.46221,0.05803,0.054958,1655.45,1588.7
"63","02/23/2021",13526.09,13003.98,"3,895.98","3,805.59",12.4815,10.8611,51299.1,47031.7,0.49854,0.45857,0.050968,0.046065,1652.01,1505.79
"64","02/22/2021",13757.06,13530.96,"3,902.92","3,874.71",13.9998,12.3602,54115,50161.2,0.5706,0.52581,0.053774,0.050064,1781.44,1609.62
"65","02/19/2021",13985.58,13842.6,"3,930.41","3,903.07",16.7922,15.0587,56552.6,55415.1,0.57385,0.55568,0.055285,0.053021,2040.79,1924.17
"66","02/18/2021",13905.96,13714.35,"3,921.98","3,885.03",15.1546,14.2623,51925.3,50816.8,0.53792,0.51489,0.059628,0.055262,1951.26,1892.7
"67","02/17/2021",13976.43,13804.26,"3,933.61","3,900.43",15.7795,15.1779,52524,51731.3,0.54966,0.53435,0.053658,0.04897,1916.3,1849.05
"68","02/16/2021",14175.11,13995.45,"3,950.43","3,923.85",14.8951,13.8857,50209.6,49018.1,0.52945,0.49784,0.055054,0.051076,1785.72,1734.15
"69","02/12/2021",14102.04,13937.71,"3,937.23","3,905.78",12.3922,11.9223,48097.3,47271,0.64209,0.60604,0.071703,0.069473,1871.36,1840.72
"70","02/11/2021",14058.91,13916.85,"3,925.99","3,890.39",12.3035,11.3393,48927.4,46950.9,0.56858,0.51961,0.069858,0.061285,1806.86,1741.04
"71","02/10/2021",14109.12,13845.47,"3,931.50","3,884.94",11.1874,10.3224,44993.5,44041,0.52733,0.5015,0.073289,0.071105,1746.32,1704.97
"72","02/09/2021",14044.95,13966.55,"3,918.35","3,902.64",11.4584,9.5774,46865.5,45652.1,0.49729,0.47119,0.072149,0.069013,1824,1760.05
"73","02/08/2021",13987.74,13894.15,"3,915.77","3,892.59",9.3379,8.6372,47405.3,45603.3,0.48937,0.44989,0.083567,0.077726,1765.88,1711.4
"74","02/05/2021",13878.16,13761.66,"3,894.56","3,874.93",8.6287,8.2132,39653.1,38275.3,0.45593,0.42685,0.049408,0.044505,1742.9,1651.54
"75","02/04/2021",13778.42,13631.62,"3,872.42","3,836.66",7.8483,7.6622,37488.4,36640,0.47078,0.42851,0.054033,0.043289,1651.61,1589.28
"76","02/03/2021",13723.83,13585.34,"3,847.51","3,816.68",8.093,7.754,38298.5,37375.9,0.39847,0.38186,0.039994,0.035919,1693.64,1635.72
"77","02/02/2021",13652.69,13535.86,"3,843.09","3,791.84",7.8858,7.7122,36843.5,35401.5,0.39706,0.3723,0.03389,0.031245,1560.3,1510.27
"78","02/01/2021",13431.46,13132.47,"3,784.32","3,725.62",7.6206,7.4565,34150.4,33462.4,0.39409,0.34132,0.035089,0.029054,1410.06,1361.63
"79","01/29/2021",13322,12985.05,"3,778.05","3,694.12",7.688,7.3906,34920.9,32908.5,0.30569,0.27879,0.0875,0.014942,1405.78,1327.66
"80","01/28/2021",13507.64,13316.52,"3,830.50","3,755.75",7.8864,7.3922,34325.8,32839.8,0.27211,0.26038,0.01383,0.007351,1373.56,1288.26
"81","01/27/2021",13538.42,13192.91,"3,836.83","3,732.48",7.1197,6.7653,31602,29911.9,0.25675,0.24728,0.010838,0.00731,1291.83,1221.15
"82","01/26/2021",13702.69,13603.19,"3,870.90","3,847.78",7.4388,7.2102,32545.4,31556.2,0.26861,0.2634,0.008245,0.008045,1372.31,1299.62
"83","01/25/2021",13728.98,13368.68,"3,859.23","3,797.16",7.6062,7.3053,32820.1,31493.3,0.27082,0.26317,0.008455,0.008161,1377.94,1299.52
"84","01/22/2021",13567.14,13463.66,"3,852.31","3,830.41",7.5064,7.3118,32994.1,32088.2,0.28303,0.2703,0.008636,0.008359,1250.31,1207.41
"85","01/21/2021",13560.35,13454.07,"3,861.45","3,845.05",7.154,6.6707,31380,28871.2,0.27164,0.24165,0.008408,0.007571,1185.94,1045.02
"86","01/20/2021",13486.13,13329.77,"3,859.75","3,816.22",8.1897,7.713,35591.1,34256.8,0.3072,0.28858,0.009099,0.008803,1387.39,1294.54
"87","01/19/2021",13206.86,13078.7,"3,804.53","3,780.37",8.0441,7.6819,36384.4,34857,0.29895,0.28316,0.009141,0.008841,1406.56,1321.61
"88","01/15/2021",13139.83,12949.76,"3,788.73","3,749.62",7.7208,7.4573,37608.6,36022.9,0.28624,0.27815,0.009493,0.009112,1197.51,1158.33
"89","01/14/2021",13220.16,13098.41,"3,823.60","3,792.86",8.0384,7.6497,39715,38354.6,0.30301,0.29315,0.009689,0.009232,1256.13,1203.63
"90","01/13/2021",13171.15,13051.06,"3,820.96","3,791.50",7.6686,7.3611,38133.2,36772.1,0.30864,0.28358,0.008804,0.008369,1144.05,1088.52
"91","01/12/2021",13105.04,12963.92,"3,810.78","3,776.51",7.3619,6.8578,34297,32451.9,0.29673,0.28544,0.008068,0.007779,1058.07,990.96
"92","01/11/2021",13138.27,12999.51,"3,817.86","3,789.02",7.3294,6.8314,35490,33729.6,0.30883,0.28002,0.008866,0.0082,1101.03,1042.16
"93","01/08/2021",13208.09,13036.55,"3,826.69","3,783.60",6.9946,6.719,40950.2,39556.7,0.32728,0.30626,0.010259,0.009707,1233.44,1172.39
"94","01/07/2021",13090.91,12867.34,"3,811.55","3,764.71",7.3101,6.661,39701.2,36613.4,0.34591,0.28574,0.009836,0.008834,1230.75,1069.25
"95","01/06/2021",12909.63,12649.99,"3,783.04","3,705.34",7.7059,7.4263,37714.8,36494.1,0.31613,0.2457,0.010497,0.010126,1223.43,1181.5
"96","01/05/2021",12828.27,12665.65,"3,737.83","3,695.07",7.2927,6.9802,35739.4,33408.3,0.23449,0.22162,0.010318,0.009652,1132.76,1060.67
"97","01/04/2021",12958.72,12543.24,"3,769.99","3,662.71",7.402,6.7212,32846.9,30460.5,0.2393,0.22525,0.010319,0.009111,1131.56,990.8
"98","12/31/2020",12902.07,12821.23,"3,760.20","3,726.88",5.856,5.6124,29482.3,28724.3,0.24956,0.21643,0.004994,0.004606,748.96,730.02
"99","12/30/2020",12924.93,12857.76,"3,744.63","3,730.21",5.732,5.555,29298.8,28334.2,0.21862,0.20543,0.004747,0.004522,755.13,730.13
"100","12/29/2020",12973.33,12821.96,"3,756.12","3,723.31",5.7921,5.649,28192.6,27377,0.22278,0.19217,0.004599,0.00446,747.11,726.12
"101","12/28/2020",12930.89,12827.45,"3,740.51","3,723.03",6.023,5.5851,27089.4,26205.1,0.24924,0.22037,0.004622,0.004411,739.77,690.24
"102","12/24/2020",12833.55,12767.64,"3,703.82","3,689.32",5.7012,5.5288,23814.1,23445.3,0.35761,0.325,0.004593,0.004443,615.54,605.01
"103","12/23/2020",12841.92,12758.67,"3,711.24","3,689.28",5.2751,5.0156,23253.2,22737.3,0.30362,0.2525,0.003853,0.003673,586.67,566.15
"104","12/22/2020",12840.57,12695.31,"3,698.26","3,676.16",6.1622,5.9686,24028.9,23500.7,0.44785,0.3897,0.004766,0.004499,638.11,618.36
"105","12/21/2020",12751.27,12525.22,"3,702.90","3,636.48",6.1962,6.0568,23060.8,22481,0.5215,0.47731,0.004866,0.00462,615.04,602.33
"106","12/18/2020",12809.6,12654.6,"3,726.70","3,685.84",6.5058,6.363,23229.1,22923.1,0.58539,0.56653,0.003973,0.003799,659.56,645.91
"107","12/17/2020",12765.25,12696.35,"3,725.12","3,710.87",6.6292,6.3417,23241.3,22493.9,0.61238,0.5516,0.003822,0.003606,653.77,630.44
"108","12/16/2020",12687.32,12566.38,"3,711.27","3,688.57",6.741,6.4636,22148.4,21243.1,0.58249,0.5477,0.003463,0.003397,651.74,635.64
"109","12/15/2020",12596.13,12465.42,"3,695.29","3,659.62",6.0565,5.9473,19491.7,19299.7,0.46808,0.43985,0.003227,0.003174,589.15,580.9
"110","12/14/2020",12543,12432.71,"3,697.61","3,645.84",6.1188,6.032,19556.3,19250.3,0.50706,0.49461,0.003262,0.003207,596.97,585.65
"111","12/11/2020",12383.5,12246.77,"3,665.91","3,633.40",6.0167,5.7892,18390.1,18025.1,0.54739,0.51058,0.003173,0.003072,555.89,543.99
"112","12/10/2020",12431.56,12214.74,"3,678.49","3,645.18",5.9218,5.7437,18288.3,17733.8,0.5736,0.54624,0.003114,0.003048,560.28,541.11
"113","12/09/2020",12607.14,12290.78,"3,712.39","3,660.54",6.1131,6.0286,18551.8,18339.6,0.58669,0.56613,0.003171,0.003122,575.56,565.12
"114","12/08/2020",12594.54,12453.21,"3,708.45","3,678.83",5.8107,5.6569,18371.5,18053,0.56415,0.54694,0.003178,0.003083,556.38,543.13
"115","12/07/2020",12536.23,12460.55,"3,697.41","3,678.88",6.1587,6.0951,19236,19141.1,0.61018,0.60388,0.003362,0.003307,591.33,586.6
"116","12/04/2020",12464.23,12376.44,"3,699.20","3,670.94",6.086,5.9035,18921.3,18507.1,0.5796,0.54901,0.00334,0.003255,579.85,561.24
"117","12/03/2020",12439.02,12356.99,"3,682.73","3,657.17",6.5802,6.2906,19529.5,19140.2,0.63388,0.60906,0.003449,0.003366,619.61,601.18
"118","12/02/2020",12360.06,12217.35,"3,670.96","3,644.84",6.3124,6.1782,19295,18954.6,0.63701,0.61664,0.003426,0.003358,599.92,589.22
"119","12/01/2020",12405.79,12263.93,"3,678.45","3,645.87",6.2805,6.0521,18954.5,18346.7,0.62145,0.59552,0.003457,0.003274,597.12,575.24
"120","11/30/2020",12244.65,12027.16,"3,634.18","3,594.39",6.9822,6.6898,19717.6,19366.8,0.66866,0.64487,0.003577,0.003431,616.78,602.58
"121","11/27/2020",12236.23,12154.57,"3,644.31","3,629.33",6.3192,6.0791,17191.5,16915.9,0.57617,0.54032,0.003311,0.003236,520.26,509.83
"122","11/25/2020",12114.77,12020.95,"3,635.50","3,617.76",7.171,6.0368,18894.9,17279.7,0.65095,0.52829,0.003793,0.003213,577.08,512.11
"123","11/24/2020",12049.88,11863.45,"3,642.31","3,594.52",7.7072,7.215,19216.6,18769.4,0.70711,0.62057,0.004287,0.003842,605.63,581.44
"124","11/23/2020",11949.33,11796.53,"3,589.81","3,552.77",7.3911,6.4433,18527.7,18230,0.67779,0.5813,0.003803,0.003566,619.86,600.53
"125","11/20/2020",11935.47,11852.51,"3,581.23","3,556.85",6.2052,5.8123,18966,18467.5,0.34401,0.32957,0.003266,0.002983,518.09,505.23
"126","11/19/2020",11912.63,11760.98,"3,585.22","3,543.84",6.0885,5.889,18225.4,17758.4,0.30509,0.3005,0.002934,0.002904,487.97,471.06
"127","11/18/2020",11942.49,11799.96,"3,619.09","3,567.33",6.1631,5.9604,18054.8,17594.6,0.29601,0.28959,0.002945,0.002886,480.55,474.41
"128","11/17/2020",11950.18,11852.41,"3,623.11","3,588.68",6.1315,5.6448,18393.2,17613.2,0.30782,0.29436,0.003017,0.002919,495.04,481.87
"129","11/16/2020",11937.72,11814.89,"3,628.51","3,600.16",5.7037,5.3788,16825.9,16562,0.29705,0.28731,0.00294,0.002879,468.45,459.74
"130","11/13/2020",11849.79,11715.52,"3,593.66","3,552.57",5.17,5.0849,16328.2,16111.2,0.2771,0.26404,0.002819,0.002747,477.34,468.01
"131","11/12/2020",11847.84,11666.37,"3,569.02","3,518.58",5.0784,4.9987,16474.1,16270.7,0.25697,0.25435,0.002817,0.002774,466.8,461.31
"132","11/11/2020",11793.57,11638.9,"3,581.16","3,557.00",5.0976,5.0299,15712.1,15483.5,0.2566,0.25315,0.002782,0.002725,464.08,452.65
"133","11/10/2020",11665.87,11424.61,"3,557.22","3,511.91",5.2084,5.1298,15497.5,15281,0.25879,0.25228,0.002863,0.002756,466.08,449.51
"134","11/09/2020",12108.07,11703.49,"3,645.99","3,547.48",5.2016,5.003,15431.2,15192.7,0.25269,0.24807,0.002688,0.002651,451.7,439.5
"135","11/06/2020",11920.54,11737.13,"3,521.58","3,484.34",5.5746,5.3568,15754.4,15471.1,0.26725,0.25849,0.002828,0.002755,467.88,454.78
"136","11/05/2020",11924.28,11784.15,"3,529.05","3,485.74",5.2147,5.0742,15955.2,15433,0.25301,0.24512,0.0027,0.002625,440.91,415.08
"137","11/04/2020",11663.31,11394.21,"3,486.25","3,405.17",4.9012,4.8488,14358.6,14099.7,0.24127,0.23749,0.002587,0.002546,406.22,400.59
"138","11/03/2020",11213.92,11004.84,"3,389.49","3,336.25",4.9127,4.7863,14034.5,13704.8,0.24039,0.23611,0.002526,0.0025,388.39,381.27
"139","11/02/2020",11071.08,10830.95,"3,330.14","3,279.74",4.9823,4.689,13640.2,13321.2,0.23674,0.22803,0.002525,0.002453,385.08,370.96
"140","10/30/2020",11129.81,10822.57,"3,304.93","3,233.94",5.2808,5.2303,13731.5,13441.7,0.24004,0.23756,0.002599,0.002552,387.63,380.53
"141","10/29/2020",11287.63,11030.19,"3,341.05","3,259.82",5.4699,5.2994,13655.7,13363.1,0.24389,0.24062,0.002598,0.002557,391.98,383.6
"142","10/28/2020",11249.95,10999.07,"3,342.48","3,268.89",5.342,5.2726,13308.6,13180.8,0.24667,0.24438,0.00261,0.002578,392.04,387.82
"143","10/27/2020",11465.06,11361.86,"3,409.51","3,388.71",5.5936,5.4511,13851.7,13637.3,0.25667,0.25171,0.002696,0.002667,408.1,402.95
"144","10/26/2020",11545.63,11221.06,"3,441.42","3,364.86",5.5272,5.4257,13125.2,13050.3,0.24978,0.24765,0.002697,0.002655,395.3,391.93
"145","10/23/2020",11548.85,11434.86,"3,466.46","3,440.45",5.5089,5.448,13013.7,12876.4,0.25551,0.25336,0.00265,0.002626,413.52,407.74
"146","10/22/2020",11548.77,11369.29,"3,460.53","3,415.34",5.619,5.4858,13005.1,12842.7,0.25917,0.25485,0.002663,0.00264,415.07,410.5
"147","10/21/2020",11613.79,11476.08,"3,464.86","3,433.06",5.5294,5.3564,12928.1,12718.1,0.2576,0.25083,0.002678,0.002618,397.63,391.21
"148","10/20/2020",11632.89,11471.23,"3,476.93","3,435.65",5.2234,5.0641,12232.6,11894.6,0.24758,0.24261,0.002627,0.002593,378.82,368.06
"149","10/19/2020",11778.11,11454.57,"3,502.42","3,419.93",5.2541,5.2078,11760.8,11685.7,0.25021,0.24478,0.002597,0.002583,380.14,377.68
"150","10/16/2020",11827.42,11648.53,"3,515.76","3,480.45",5.231,5.1511,11358,11274.4,0.24208,0.23869,0.002607,0.002577,368.28,363.18
"151","10/15/2020",11740.68,11559.1,"3,489.08","3,440.89",5.369,5.3122,11542.2,11474.9,0.24784,0.24478,0.002612,0.002591,379.6,375.9
"152","10/14/2020",11939.92,11714.35,"3,527.94","3,480.55",5.389,5.347,11426.4,11361.7,0.24912,0.24553,0.002639,0.002622,379.2,375.44
"153","10/13/2020",11946.98,11821.83,"3,534.01","3,500.86",5.3952,5.3441,11485.6,11413.8,0.25831,0.25556,0.002653,0.002635,384.8,380.71
"154","10/12/2020",11965.54,11704.13,"3,549.85","3,499.61",5.4902,5.4458,11540.4,11436.9,0.25646,0.254,0.002679,0.002651,387.06,382.33
"155","10/09/2020",11581.23,11476.66,"3,482.34","3,458.07",5.3995,5.2725,11475,11053.5,0.25803,0.25288,0.002719,0.002655,377.97,364.57
"156","10/08/2020",11448.23,11384.33,"3,447.28","3,428.15",5.1992,5.1344,10939.1,10868.4,0.25223,0.25009,0.002635,0.002594,351.32,348.29
"157","10/07/2020",11380.56,11258.35,"3,426.26","3,384.56",5.2416,5.1488,10672.1,10619.9,0.24917,0.2468,0.002602,0.002573,341.94,338.4
"158","10/06/2020",11392.41,11124.45,"3,431.56","3,354.54",5.2533,5.1616,10604.3,10553.3,0.24562,0.24097,0.002604,0.002559,340.61,334.11
"159","10/05/2020",11335.21,11162.52,"3,409.57","3,367.27",5.1455,5.0802,10800.3,10743.2,0.25916,0.25014,0.00263,0.002609,354.73,351.95
"160","10/02/2020",11244.87,11033.69,"3,369.10","3,323.69",5.1989,5.1601,10576.8,10523.4,0.23427,0.23277,0.002609,0.002575,348.69,343.74
"161","10/01/2020",11344.13,11240.53,"3,397.18","3,361.39",5.3663,5.2976,10627.6,10585.9,0.23831,0.23659,0.002633,0.002595,353.61,350.18
"162","09/30/2020",11277.96,11092.9,"3,393.56","3,340.47",5.4352,5.3857,10855.5,10776.6,0.243,0.24149,0.002665,0.002634,363.36,358.78
"163","09/29/2020",11153.23,11065.63,"3,357.92","3,327.54",5.4423,5.3638,10847.7,10757.2,0.24288,0.24035,0.002682,0.002646,359.91,355.35
"164","09/28/2020",11120.79,11019.14,"3,360.74","3,332.91",5.4535,5.4003,10728.5,10667.8,0.24268,0.24014,0.002698,0.002636,355.46,352.09
"165","09/25/2020",10939.55,10639.98,"3,306.88","3,228.44",5.052,4.9978,10745.6,10650.2,0.24546,0.24142,0.002734,0.002688,353.51,350.21
"166","09/24/2020",10799.55,10520.22,"3,278.70","3,209.45",5.0409,4.9841,10753.5,10685.4,0.23339,0.23135,0.002723,0.002616,349.83,345.92
"167","09/23/2020",10962.03,10612.91,"3,323.35","3,232.57",4.9152,4.8298,10336.1,10201,0.22431,0.21955,0.002598,0.002533,326.04,317.27
"168","09/22/2020",10979.65,10737.52,"3,320.31","3,270.95",4.9867,4.9427,10535,10485.4,0.23382,0.23229,0.002648,0.002623,344.12,341.17
"169","09/21/2020",10782.74,10519.49,"3,285.57","3,229.10",4.8824,4.8173,10488.6,10374.4,0.2339,0.22942,0.002639,0.002593,344.9,338.28
"170","09/18/2020",10977.68,10639.95,"3,362.27","3,292.40",5.2231,5.1798,10977.8,10933.1,0.25104,0.24841,0.002798,0.002775,385.28,381.61
"171","09/17/2020",10974.45,10783.81,"3,375.17","3,328.82",5.2303,5.1892,10956.3,10890.8,0.25384,0.25058,0.00281,0.002795,392.21,385.88
"172","09/16/2020",11245.42,11046.43,"3,428.92","3,384.45",5.1851,4.9151,11039.3,10885.8,0.25821,0.24678,0.002839,0.002785,384.4,363.54
"173","09/15/2020",11244.46,11127.98,"3,419.48","3,389.25",5.23,5.0787,10790.1,10669.2,0.24331,0.23431,0.002834,0.002783,364.57,355.18
"174","09/14/2020",11118.29,10982.26,"3,402.93","3,363.56",5.3155,5.1676,10832.3,10652.9,0.24939,0.24502,0.002827,0.002778,381.67,374.64
"175","09/11/2020",11033.04,10728.03,"3,368.95","3,310.47",5.2636,5.1949,10393.5,10326,0.24265,0.24105,0.002797,0.002769,374,368.61
"176","09/10/2020",11299.53,10875.02,"3,425.55","3,329.25",5.2422,5.124,10377.5,10212.6,0.24441,0.23701,0.002818,0.002743,371.54,358.12
"177","09/09/2020",11217.69,10970.45,"3,424.77","3,366.84",5.1923,5.0739,10408.9,10219.2,0.24695,0.23888,0.002839,0.002779,370.46,350.86
"178","09/08/2020",11131.5,10837.2,"3,379.97","3,329.27",5.1629,5.0046,10149,9984.6,0.23735,0.23312,0.002757,0.002694,340.86,331.12
"179","09/04/2020",11531.18,10875.87,"3,479.15","3,349.63",5.501,5.3822,10558.7,10392.3,0.25941,0.2523,0.002917,0.00287,394.12,384.88
"180","09/03/2020",11894.4,11361.36,"3,564.85","3,427.41",5.6375,4.9919,10329.9,10098.1,0.25117,0.24113,0.002815,0.002746,390.96,376.73
"181","09/02/2020",12074.06,11836.18,"3,588.11","3,535.23",6.3731,6.2437,11437.4,11359,0.27647,0.27096,0.003129,0.003073,466.4,438.08
"182","09/01/2020",11945.72,11794.78,"3,528.03","3,494.60",6.8145,6.6782,11947.5,11821.6,0.30373,0.29504,0.003276,0.003204,478.8,465.98
"183","08/31/2020",11829.84,11697.41,"3,514.77","3,493.25",6.672,6.5197,11692,11544.6,0.28344,0.27632,0.003256,0.003172,443.81,429.65
"184","08/28/2020",11708.77,11634.77,"3,509.23","3,484.32",6.565,6.4911,11539.8,11468.2,0.2729,0.26872,0.003272,0.003229,395.89,391.97
"185","08/27/2020",11730.01,11551.01,"3,501.38","3,468.35",6.4897,6.3225,11396.1,11281.9,0.26752,0.26005,0.003223,0.003166,388.55,379.8
"186","08/26/2020",11672.05,11507.46,"3,481.07","3,444.15",6.5239,6.4412,11479.7,11367.4,0.27826,0.2748,0.003329,0.003264,389.15,383.04
"187","08/25/2020",11468.26,11343.04,"3,444.21","3,425.84",6.5342,6.4283,11401,11256.8,0.27827,0.27435,0.003308,0.003233,387.7,377.69
"188","08/24/2020",11462.05,11297.53,"3,432.09","3,413.13",6.874,6.7829,11766.9,11661.1,0.28957,0.28538,0.003421,0.003397,409.02,400.64
"189","08/21/2020",11326.21,11245.44,"3,399.96","3,379.31",6.6717,6.5385,11536.9,11382.1,0.27942,0.27353,0.003378,0.003324,388.19,379.96
"190","08/20/2020",11283.62,11090.03,"3,390.80","3,354.69",7.0281,6.8841,11877.4,11783.6,0.29309,0.28688,0.003471,0.003413,418.72,409.83
"191","08/19/2020",11257.42,11132.1,"3,399.54","3,369.66",6.9075,6.7599,11822.2,11703.4,0.29261,0.28694,0.003448,0.003395,415.16,406.65
"192","08/18/2020",11230.61,11103.83,"3,395.06","3,370.15",7.4021,7.0149,12013.2,11844.8,0.30587,0.29318,0.003536,0.003456,426.65,416.35
"193","08/17/2020",11144.53,11080.3,"3,387.59","3,379.22",7.7478,7.3793,12381.4,12273.5,0.32152,0.31468,0.00367,0.003586,433.65,428.13
"194","08/14/2020",11058.44,10972.06,"3,378.51","3,361.64",6.9981,6.8879,11962.9,11750.7,0.30522,0.29927,0.003618,0.003513,442.7,435.82
"195","08/13/2020",11124.85,11007.5,"3,387.24","3,363.35",6.9691,6.798,11820.3,11668.5,0.30068,0.29097,0.003506,0.00344,429.93,418.37
"196","08/12/2020",11036.72,10877.16,"3,387.89","3,355.46",6.8859,6.7457,11652.1,11536.3,0.28586,0.28146,0.003512,0.003451,394.67,386.56
"197","08/11/2020",10989.42,10762.71,"3,381.01","3,326.44",6.7584,6.6235,11408.8,11233.3,0.28316,0.27529,0.003436,0.003336,380.49,372.66
"198","08/10/2020",11040.24,10849.46,"3,363.29","3,335.44",7.179,7.016,11931.8,11819,0.30713,0.29445,0.00357,0.003494,398.13,393.28
"199","08/07/2020",11126.04,10920.37,"3,352.54","3,328.72",6.8962,6.7839,11650.4,11537.6,0.29653,0.29155,0.003542,0.003485,382.67,376.38
"200","08/06/2020",11121.19,10963.41,"3,351.03","3,318.14",7.2289,7.0773,11901.8,11740,0.30673,0.30203,0.003615,0.003545,398.14,394.04
"201","08/05/2020",11002.11,10943.72,"3,330.77","3,317.37",7.2405,7.1035,11790.2,11606.3,0.30356,0.29792,0.003542,0.003451,403.18,394.91
"202","08/04/2020",10941.91,10852.9,"3,306.84","3,286.37",7.1827,7.0689,11228.3,11114.5,0.30228,0.29175,0.003582,0.003508,391.89,384.84
"203","08/03/2020",10927.56,10831.15,"3,302.73","3,284.53",7.2853,7.1277,11407.8,11222.2,0.31873,0.30812,0.003461,0.003362,402.01,385.86
"204","07/31/2020",10747.8,10557.7,"3,272.17","3,220.26",7.5495,7.3142,11394.3,11226.1,0.26148,0.25576,0.003272,0.003202,352.68,343.33
"205","07/30/2020",10609.59,10412.09,"3,250.92","3,204.13",7.4186,7.2676,11124.4,10964.6,0.24646,0.24188,0.003239,0.003175,336.35,329.05
"206","07/29/2020",10567.91,10464,"3,264.74","3,227.22",7.262,7.1058,11114.4,10959.9,0.24329,0.23742,0.003187,0.003132,319.4,315.62
"207","07/28/2020",10523.64,10397.87,"3,243.72","3,216.17",7.5072,7.1454,10989.8,10771.8,0.24317,0.22955,0.003271,0.003178,318.81,312.64
"208","07/27/2020",10546.44,10399.86,"3,241.43","3,214.25",7.3851,7.0826,11229.1,10854.2,0.22664,0.22084,0.003193,0.003138,326.53,316.3
"209","07/24/2020",10418.75,10217.31,"3,227.26","3,200.05",6.4376,6.2387,9612.7,9536.2,0.20817,0.20367,0.003265,0.003197,284.35,279.33
"210","07/23/2020",10728.12,10407.87,"3,279.99","3,222.66",6.4438,6.3466,9599.8,9545,0.2085,0.206,0.003308,0.003206,275.31,272.16
"211","07/22/2020",10745.32,10627.45,"3,279.32","3,253.10",6.3956,6.3221,9522.9,9470.7,0.20527,0.20245,0.003332,0.00326,265.51,262.57
"212","07/21/2020",10839.93,10650.46,"3,277.29","3,247.77",6.1904,6.1452,9389,9353.7,0.1995,0.1982,0.003305,0.003225,245.66,243.51
"213","07/20/2020",10783.8,10488.04,"3,258.61","3,215.16",6.0776,6.0162,9194.6,9155.1,0.19639,0.19399,0.003311,0.003198,237.5,235.67
"214","07/17/2020",10532.62,10421.21,"3,233.52","3,205.65",6.0423,5.9552,9167,9128.1,0.19527,0.19403,0.003654,0.003018,233.36,232.4
"215","07/16/2020",10499.79,10364.39,"3,220.39","3,198.59",6.0502,5.9864,9141.4,9107.6,0.19475,0.19249,0.0031,0.00298,234.44,232.8
"216","07/15/2020",10604.67,10420.54,"3,238.28","3,200.76",6.2668,6.1865,9224.2,9183,0.19752,0.1961,0.003097,0.003018,239.47,237.98
"217","07/14/2020",10497.83,10182.46,"3,200.95","3,127.66",6.3606,6.2855,9270.2,9240.2,0.19974,0.1986,0.003294,0.003187,241.36,239.75
"218","07/13/2020",10824.78,10368.04,"3,235.32","3,149.43",6.3035,6.2325,9245.6,9219,0.19871,0.19683,0.003173,0.00311,240.21,238.52
"219","07/10/2020",10622.35,10447.01,"3,186.82","3,136.22",6.5815,6.3778,9295.5,9261.6,0.2046,0.19874,0.003653,0.003493,241.64,240.25
"220","07/09/2020",10578.1,10379.91,"3,179.78","3,115.70",6.6476,6.4468,9239.6,9206.5,0.20264,0.19912,0.004332,0.00397,242.17,239.99
"221","07/08/2020",10494.63,10350.96,"3,171.80","3,136.53",6.6378,6.4171,9434.5,9361.3,0.20544,0.1981,0.005029,0.004077,246.96,243.33
"222","07/07/2020",10518.98,10337.98,"3,184.15","3,142.93",6.3859,6.1222,9319.9,9233.1,0.1998,0.18402,0.005425,0.003051,242.28,238
"223","07/06/2020",10462.05,10354.98,"3,182.59","3,155.29",6.1499,6.0218,9371.2,9266.3,0.18957,0.18719,0.002796,0.002601,243.43,238.17
"224","07/02/2020",10310.36,10194.06,"3,165.81","3,124.52",5.7819,5.7043,9259.7,9179.5,0.17712,0.17539,0.00234,0.002319,232.04,227.94
"225","07/01/2020",10197.19,10048.04,"3,128.44","3,101.17",5.7587,5.7043,9259.7,9225.2,0.1771,0.17608,0.002332,0.00232,232.04,230.62
"226","06/30/2020",10085.59,9863.67,"3,111.51","3,047.83",5.7504,5.6838,9148,9101.1,0.17599,0.17393,0.002315,0.002305,225.93,224.33
"227","06/29/2020",9877.34,9663.61,"3,053.89","2,999.74",5.8505,5.8058,9199.8,9158.7,0.17756,0.17667,0.00231,0.002301,228.57,226.95
"228","06/26/2020",10000.67,9749.07,"3,073.73","3,004.63",6.0505,6.0024,9179.8,9113.9,0.18332,0.18187,0.00236,0.002348,230.06,228.77
"229","06/25/2020",10023.28,9810.47,"3,086.25","3,024.01",6.1701,6.0979,9296.5,9194.3,0.18321,0.181,0.002419,0.002392,233.5,231.23
"230","06/24/2020",10137.5,9842.22,"3,115.01","3,032.13",6.2453,6.0529,9306,9022.6,0.18406,0.17897,0.002426,0.002387,235.29,227.99
"231","06/23/2020",10221.85,10112.44,"3,154.90","3,127.12",6.4215,6.363,9663.7,9614.8,0.18967,0.18882,0.002485,0.002471,245.91,242.97
"232","06/22/2020",10059.61,9916.6,"3,120.92","3,079.39",6.41,6.3313,9715.6,9609.3,0.19042,0.18851,0.002492,0.002465,244.67,240.94
"233","06/19/2020",10053.91,9872.94,"3,155.53","3,083.11",6.3586,6.3118,9350.1,9294.2,0.18894,0.18678,0.002462,0.002431,230.96,228.78
"234","06/18/2020",9959.2,9885.66,"3,120.00","3,093.51",6.2187,6.1482,9390.3,9249.6,0.19002,0.18715,0.002466,0.002424,231.51,226.97
"235","06/17/2020",9991.21,9891.81,"3,141.16","3,108.03",6.2911,6.2282,9468.8,9403.4,0.1932,0.19139,0.002485,0.002468,234.69,233.07
"236","06/16/2020",9963.63,9748.38,"3,153.45","3,076.06",6.2565,6.2044,9532.3,9423.8,0.19245,0.19109,0.002488,0.002468,235.64,232.34
"237","06/15/2020",9756.07,9403,"3,079.76","2,965.66",6.3048,6.174,9570.7,9379.3,0.19389,0.19091,0.002505,0.00246,233.66,228.99
"238","06/12/2020",9768.64,9413.62,"3,088.42","2,984.47",6.4098,6.3421,9475.8,9415.5,0.19326,0.19178,0.002525,0.002506,237.92,235.82
"239","06/11/2020",9868.08,9491.3,"3,123.53","2,999.49",6.3764,6.2128,9391.3,9249.4,0.1919,0.1871,0.002493,0.002441,234.19,228.62
"240","06/10/2020",10086.89,9962.58,"3,223.27","3,181.49",6.8298,6.7957,9945.2,9871,0.20343,0.20228,0.002593,0.002577,249.77,247.81
"241","06/09/2020",10002.5,9863.27,"3,222.71","3,193.11",6.7931,6.7676,9805.8,9745,0.20215,0.20108,0.002574,0.002541,244.71,243.49
"242","06/08/2020",9927.13,9780.61,"3,233.13","3,196.00",6.9204,6.7414,9857.2,9616.6,0.20499,0.20075,0.002592,0.002528,249.45,240.18
"243","06/05/2020",9845.69,9685.35,"3,211.72","3,163.84",6.8594,6.7832,9629.3,9549.5,0.20323,0.20144,0.00259,0.002566,241.36,238.38
"244","06/04/2020",9716.14,9560.41,"3,128.91","3,090.41",7.0382,6.7887,9686.1,9537.6,0.20713,0.20121,0.00262,0.002551,246.41,238.5
"245","06/03/2020",9707.78,9627.18,"3,130.94","3,098.90",7.0382,6.9195,9686.1,9617.6,0.20695,0.20353,0.002599,0.002551,246.41,243.31
"246","06/02/2020",9611.22,9472.08,"3,081.07","3,051.64",7.008,6.8785,9538.1,9483.4,0.20356,0.20125,0.002587,0.00255,238.6,235.43
"247","06/01/2020",9571.28,9462.32,"3,062.18","3,031.54",7.2361,7.1515,10207.3,10050.4,0.21196,0.20941,0.002652,0.002602,248.75,245.8
"248","05/29/2020",9505.55,9324.73,"3,049.17","2,998.61",7.2411,7.1174,9428.5,9352.7,0.19774,0.19611,0.002546,0.002527,221.75,218.86
"249","05/28/2020",9523.64,9345.28,"3,068.67","3,023.40",7.2269,6.8583,9596.5,9468.1,0.2028,0.19986,0.002544,0.002514,224.52,220.12
"250","05/27/2020",9414.62,9144.28,"3,036.25","2,969.75",6.7976,6.7079,9268.8,9168.8,0.19838,0.1967,0.002535,0.002496,208.61,206.36
"251","05/26/2020",9501.21,9333.16,"3,021.72","2,988.17",6.7682,6.6775,8891,8818.6,0.19509,0.19367,0.002518,0.002467,202.35,200.85
"252","05/22/2020",9328.28,9239.41,"2,956.76","2,933.59",6.5369,6.4628,9303.2,9169.7,0.20212,0.20031,0.002548,0.002516,211.03,207.35
"253","05/21/2020",9405.25,9254.85,"2,978.50","2,938.57",6.2027,6.0847,9129.2,8983.7,0.1954,0.19292,0.002525,0.002436,199.9,196.68
"254","05/21/2020",9405.25,9254.85,"2,978.50","2,938.57",6.2027,6.0847,9129.2,8983.7,0.1954,0.19292,0.002525,0.002436,199.9,196.68
"255","05/20/2020",9392.82,9304.2,"2,980.29","2,953.63",6.525,6.4334,9567.1,9463.1,0.20309,0.20111,0.002526,0.002474,211.58,209.23
"256","05/19/2020",9317.25,9183.25,"2,964.21","2,922.35",6.6818,6.6282,9788.8,9708.4,0.20549,0.20399,0.002546,0.002537,214.65,212.61
"257","05/18/2020",9267.22,9154.35,"2,968.09","2,913.86",6.7122,6.5842,9737.8,9524.6,0.2054,0.20119,0.002537,0.002501,215,210.16
"258","05/15/2020",9018.4,8821.38,"2,865.01","2,816.78",6.8098,6.4451,9451.9,9233,0.2008,0.19678,0.002526,0.002479,199.68,193.48
"259","05/14/2020",8945.71,8705.25,"2,852.80","2,766.64",6.3015,6.1056,9819.6,9319.3,0.20455,0.19764,0.002578,0.002504,204.02,197.65
"260","05/13/2020",9074.16,8752.68,"2,874.14","2,793.15",6.2487,6.1442,9364.5,9265.8,0.20265,0.20074,0.002534,0.002507,200.78,196.91
"261","05/12/2020",9250.96,9000.06,"2,945.82","2,869.59",6.1775,6.0703,8964.7,8799.1,0.19948,0.19666,0.002502,0.002461,191.38,189.42
"262","05/11/2020",9241.92,9053.17,"2,944.25","2,903.44",6.075,5.9843,8729.7,8542.8,0.19529,0.19132,0.002448,0.002401,189.12,185.72
"263","05/08/2020",9125.98,9018.21,"2,932.16","2,902.88",7.2585,7.0943,9910.5,9747.2,0.22117,0.21727,0.002627,0.002581,214.5,209.67
"264","05/07/2020",9015.99,8932.85,"2,901.92","2,876.48",7.2419,7.0659,10018.2,9845.8,0.22182,0.2174,0.002671,0.002621,216.44,211.21
"265","05/06/2020",8933.25,8819.37,"2,891.11","2,847.65",7.0742,6.7941,9338.2,9064.8,0.21718,0.21003,0.002547,0.002453,207.92,197.36
"266","05/05/2020",8909.96,8781.31,"2,898.23","2,863.55",7.2067,7.0635,9038.2,8923.6,0.21886,0.21512,0.002514,0.002446,208.74,202.21
"267","05/04/2020",8715.82,8537.83,"2,844.24","2,797.85",7.2913,7.2006,8920.7,8831.4,0.21971,0.21723,0.002542,0.002455,208.53,205
"268","05/01/2020",8754.46,8566.84,"2,869.09","2,821.61",6.6707,6.5928,8858.9,8775.4,0.21833,0.21621,0.002512,0.00245,213.37,211.25
"269","04/30/2020",8926.11,8825.83,"2,930.91","2,892.47",6.5343,6.4333,8758.1,8621,0.21411,0.21128,0.002481,0.002424,210.29,206.06
"270","04/29/2020",8957.26,8765.01,"2,954.86","2,912.16",6.9477,6.7096,9187.7,8717.3,0.23455,0.22542,0.002595,0.002488,224.41,214.36
"271","04/28/2020",8830.57,8600.7,"2,921.15","2,860.71",6.1972,6.1285,7822.6,7729.7,0.21823,0.21386,0.002349,0.002299,199.14,196.45
"272","04/27/2020",8754.57,8697.37,"2,887.72","2,852.89",6.1018,5.9586,7770.1,7674,0.19751,0.19469,0.002393,0.002297,196.21,192.65
"273","04/24/2020",8642.93,8464.42,"2,842.71","2,791.76",5.625,5.5312,7516.9,7451,0.19367,0.19183,0.002119,0.002064,187.67,186.03
"274","04/23/2020",8635.22,8475.2,"2,844.90","2,794.26",5.6752,5.5837,7541.5,7474.3,0.19627,0.19241,0.002076,0.002049,189.03,185.19
"275","04/22/2020",8537.31,8404.54,"2,815.10","2,775.95",5.4544,5.3583,7169.6,7092.2,0.19071,0.18726,0.002016,0.001994,186.5,181.47
"276","04/21/2020",8480.29,8215.69,"2,785.54","2,727.10",5.2617,5.1571,6879.7,6821.8,0.18464,0.1821,0.001973,0.001942,172.04,169.93
"277","04/20/2020",8684.91,8553.37,"2,868.98","2,820.43",5.3011,5.16,6907.7,6818.9,0.18511,0.1814,0.002068,0.001954,173.5,169.85
"278","04/17/2020",8670.3,8531.69,"2,879.22","2,830.88",5.5107,5.3726,7105.9,7031.5,0.19151,0.18866,0.002015,0.001982,173.95,170.61
"279","04/16/2020",8560.16,8393.27,"2,806.51","2,764.32",5.4945,5.4018,7118.5,7039.7,0.19144,0.18846,0.002021,0.001975,173.14,170.19
"280","04/15/2020",8464.66,8308.79,"2,801.88","2,761.54",5.0997,4.8683,6663.2,6520.5,0.18058,0.17432,0.001987,0.001877,153.55,148.91
"281","04/14/2020",8531.11,8338.09,"2,851.85","2,805.10",5.333,5.1969,6903.2,6800.6,0.18764,0.18462,0.001993,0.001952,160.13,155.94
"282","04/13/2020",8200.44,8035.95,"2,782.46","2,721.17",5.2269,5.1679,6899.5,6807,0.18849,0.1865,0.00197,0.001944,158.35,155.52
"283","04/09/2020",8227.91,8072.32,"2,818.57","2,762.36",5.9121,5.7085,7294.4,7166.6,0.19873,0.19581,0.002039,0.001987,170.1,163.22
"284","04/08/2020",8114.43,7901.94,"2,760.75","2,663.30",5.9227,5.7494,7360.7,7268.4,0.20229,0.19839,0.002016,0.002003,173.18,169.87
"285","04/07/2020",8146.43,7881.22,"2,756.89","2,657.67",5.7511,5.4058,7370.1,7153.1,0.20039,0.19163,0.002046,0.001953,172.85,163.73
"286","04/06/2020",7938.33,7617.79,"2,676.85","2,574.57",5.7449,5.5042,7440.3,7263.5,0.20459,0.19553,0.002019,0.001962,175.78,167.58
"287","04/03/2020",7518.72,7288.11,"2,538.18","2,459.96",5.1309,5.0451,6785.3,6682.6,0.17993,0.17785,0.001871,0.001837,142.02,139.36
"288","04/02/2020",7501.7,7307.95,"2,533.22","2,455.79",5.1544,5.0748,6830.2,6727.8,0.17988,0.17784,0.001894,0.001856,142.7,140.42
"289","04/01/2020",7566.37,7301.98,"2,522.75","2,447.49",5.0743,4.9821,6727,6567.9,0.17648,0.1742,0.001884,0.001843,137.93,135.26
"290","03/31/2020",7880.31,7642.86,"2,641.39","2,571.15",4.9385,4.8009,6425.5,6273.6,0.1743,0.17181,0.00184,0.001787,133.4,131.27
"291","03/30/2020",7784.35,7539.97,"2,631.80","2,545.28",5.0116,4.9075,6513.1,6385.6,0.17338,0.17105,0.00189,0.001784,134,131.14
"292","03/27/2020",7716.24,7491.13,"2,615.91","2,520.02",4.9215,4.7028,6374.3,6085.1,0.17403,0.1667,0.001864,0.001696,132.3,125.48
"293","03/26/2020",7809.82,7462.21,"2,637.01","2,500.72",5.1977,5.0949,6813.7,6727.8,0.17927,0.17347,0.001875,0.001825,140.99,137.95
"294","03/25/2020",7671.21,7276.4,"2,571.42","2,407.53",5.0849,5.0004,6772.9,6659.4,0.16296,0.16035,0.001845,0.001815,137.85,135.32
"295","03/24/2020",7418.37,7169.86,"2,449.71","2,344.44",5.084,4.9449,6744.8,6542.3,0.16356,0.15998,0.001847,0.001809,141.1,135.35
"296","03/23/2020",6984.94,6631.42,"2,300.73","2,191.86",5.1913,4.9371,6643.2,6462.4,0.16134,0.15822,0.001864,0.001814,136.74,134.39
"297","03/20/2020",7354.44,6854.67,"2,453.01","2,295.56",5.0289,4.8072,6355.5,6080.8,0.16098,0.15449,0.001906,0.001742,137.33,129.92
"298","03/19/2020",7341.38,6858.38,"2,466.97","2,319.78",5.1702,4.9562,6261.9,6019.6,0.1666,0.15779,0.001848,0.001689,138.58,132.74
"299","03/18/2020",7182.83,6686.36,"2,453.57","2,280.52",4.6514,4.4816,5404.1,5256,0.14856,0.14445,0.001685,0.001573,119.21,115.61
"300","03/17/2020",7406.23,6828.91,"2,553.93","2,367.04",4.664,4.5746,5362.5,5220.4,0.14863,0.14627,0.001715,0.00169,117.36,115.24
"301","03/16/2020",7422.2,6882.86,"2,562.98","2,380.94",4.7816,4.378,5368.9,4946.5,0.15061,0.13994,0.001713,0.001611,120.6,109.67
"302","03/13/2020",7875.93,7219.09,"2,711.33","2,492.37",4.9127,4.6831,5634.9,5343.2,0.15974,0.15397,0.001785,0.001702,134.58,129.72
"303","03/12/2020",7712.33,7194.67,"2,660.95","2,478.86",4.4259,3.1148,5499,3869.5,0.15093,0.1057,0.001709,0.001291,137.06,88.5
"304","03/11/2020",8181.36,7850.95,"2,825.60","2,707.22",6.6142,6.2217,7963.1,7605.8,0.20973,0.19857,0.002179,0.002098,195.4,182.95
"305","03/10/2020",8347.4,7930.43,"2,882.59","2,734.00",6.8849,6.7922,7964.9,7872.8,0.2137,0.21116,0.002221,0.002189,202.96,200.1
"306","03/09/2020",8243.31,7943.16,"2,863.89","2,734.43",6.9573,6.7547,7966.1,7859.2,0.21002,0.207,0.002231,0.002199,204.6,200.13
"307","03/06/2020",8612.36,8375.13,"2,985.93","2,901.54",8.2205,8.0469,9141.5,9064.5,0.24489,0.24265,0.002497,0.002456,245.85,242.39
"308","03/05/2020",8921.08,8677.39,"3,083.04","2,999.83",8.2727,8.0746,9079.4,9004.9,0.24138,0.23825,0.002488,0.002457,230.69,227.71
"309","03/04/2020",9019.96,8757.66,"3,130.97","3,034.38",8.5195,7.8751,8840.3,8702.7,0.23816,0.23215,0.002504,0.00241,228.66,221.74
"310","03/03/2020",9070.32,8602.89,"3,136.72","2,976.63",8.5195,8.3788,8830,8731.5,0.23625,0.23281,0.002503,0.002428,228.66,222.66
"311","03/02/2020",8952.81,8543.35,"3,090.96","2,945.19",8.4915,8.236,8911.7,8798,0.2396,0.2355,0.002358,0.002317,232.15,227.76
"312","02/28/2020",8591.82,8264.16,"2,959.72","2,855.84",7.6415,7.4182,8766.9,8668.5,0.2403,0.23594,0.002319,0.002283,232.45,226.79
"313","02/27/2020",8904.11,8562.05,"3,097.07","2,977.39",7.8383,7.687,8898.7,8789.8,0.24375,0.23812,0.002373,0.002328,234.55,227
"314","02/26/2020",9148.32,8927.8,"3,182.51","3,108.99",7.7369,7.3395,8804.3,8538.5,0.2306,0.22391,0.002346,0.002298,224.52,210.36
"315","02/25/2020",9315.26,8940.49,"3,246.99","3,118.77",9.3474,8.5344,9368.1,9125.6,0.25495,0.23564,0.002487,0.002379,250.05,236.8
"316","02/24/2020",9322.88,9166.01,"3,259.81","3,214.65",9.3925,9.1675,9672.3,9566.7,0.27056,0.26712,0.002591,0.00255,266.17,261.08
"317","02/21/2020",9715.95,9542.33,"3,360.76","3,328.45",9.7283,9.3881,9706.5,9625,0.27551,0.2716,0.002656,0.002628,266.71,260.75
"318","02/20/2020",9820.86,9636.94,"3,389.15","3,341.02",9.3447,8.7875,9729.7,9574.5,0.27799,0.2688,0.002679,0.002624,263.69,254.15
"319","02/19/2020",9838.37,9777.1,"3,393.52","3,378.83",9.0453,8.7914,9653.6,9525.4,0.28145,0.27348,0.002662,0.002603,264.22,257.67
"320","02/18/2020",9747.68,9675.8,"3,375.01","3,355.61",9.8619,9.572,10177.9,10091.5,0.29851,0.29288,0.002861,0.002811,282.61,277.7
"321","02/14/2020",9746.36,9693.05,"3,380.69","3,366.15",12.0662,11.8785,10369.8,10223.6,0.34553,0.3325,0.003174,0.003086,287.93,278.59
"322","02/13/2020",9748.32,9650.02,"3,385.09","3,360.52",12.0672,11.861,10289.8,10183.1,0.3324,0.32079,0.003061,0.00298,269.9,264.84
"323","02/12/2020",9728.77,9666.68,"3,381.47","3,369.72",12.2869,12.1792,10425.9,10305.1,0.33307,0.30374,0.003171,0.003053,274.21,265.23
"324","02/11/2020",9714.74,9617.21,"3,375.63","3,352.72",12.3229,11.9339,10312.1,10230.1,0.2882,0.28106,0.003168,0.003041,247.11,236.73
"325","02/10/2020",9628.66,9493.63,"3,352.26","3,317.77",11.9222,11.6928,9860.4,9725.1,0.27362,0.26764,0.00299,0.002907,223.44,218.22
"326","02/07/2020",9570.09,9496.53,"3,341.42","3,322.12",11.78,11.1289,9826,9673.2,0.27985,0.26479,0.002824,0.002726,224.43,213.75
"327","02/06/2020",9575.66,9505.68,"3,347.96","3,334.39",12.2628,11.644,9849.3,9749.1,0.28804,0.2811,0.00269,0.002655,220.92,213.14
"328","02/05/2020",9574.94,9454.93,"3,337.58","3,313.75",13.0564,12.1559,9649.4,9536.1,0.28567,0.27303,0.002619,0.002576,206.51,201.29
"329","02/04/2020",9485.38,9374.05,"3,306.92","3,280.61",11.5581,11.3346,9237.3,9179.9,0.28038,0.26719,0.002592,0.00249,190.13,188.26
"330","02/03/2020",9299.85,9188.55,"3,268.44","3,235.66",11.8985,11.5476,9347.5,9262.8,0.25796,0.25026,0.002469,0.002415,191.48,187.13
"331","01/31/2020",9324.8,9123.22,"3,282.33","3,214.68",11.7768,11.2775,9458.8,9342.9,0.24294,0.23894,0.002415,0.002377,184.17,179.36
"332","01/30/2020",9303,9185.18,"3,285.91","3,242.80",12.3201,11.8845,9525,9405.6,0.2444,0.24023,0.00251,0.00242,185.67,182.34
"333","01/29/2020",9329.11,9249.04,"3,293.47","3,271.89",12.3679,11.7306,9355.1,9209.2,0.23549,0.23123,0.002464,0.002392,174.5,171.2
"334","01/28/2020",9288.87,9182.33,"3,285.78","3,253.22",11.9843,11.3593,9403.9,9283.5,0.23981,0.23773,0.00249,0.002404,177.42,175.26
"335","01/27/2020",9185.45,9088.04,"3,258.85","3,234.50",10.9954,10.4239,9126.4,8866.6,0.23576,0.23085,0.00241,0.002354,173.53,170.27
"336","01/24/2020",9451.43,9273.23,"3,333.18","3,281.53",8.6248,8.1332,8447.6,8277.2,0.22259,0.21688,0.002283,0.002252,162.58,157.87
"337","01/23/2020",9409.2,9334.13,"3,326.88","3,301.87",8.5925,7.8902,8415.5,8286.5,0.22618,0.21802,0.002453,0.002258,163.42,158.12
"338","01/22/2020",9439.29,9375.13,"3,337.77","3,320.04",9.3765,8.7927,8687.3,8576.8,0.23726,0.23094,0.002487,0.002345,168.25,164.52
"339","01/21/2020",9397.58,9350.2,"3,329.79","3,316.61",9.2805,8.7507,8751.7,8699.4,0.23863,0.23458,0.002481,0.002357,169.97,167.97
"340","01/17/2020",9393.48,9346.81,"3,329.88","3,318.86",9.7537,8.8974,8982.3,8832.3,0.24193,0.23376,0.002502,0.002476,173.54,168.18
"341","01/16/2020",9357.92,9301.32,"3,317.11","3,302.82",9.1984,8.1846,8829.1,8675.9,0.23488,0.22672,0.002355,0.002309,167.21,162.33
"342","01/15/2020",9298.82,9231.14,"3,298.66","3,280.69",8.123,7.3185,8850,8605.8,0.23497,0.22272,0.184558,0.00229,167.18,159.08
"343","01/14/2020",9298.33,9226.49,"3,294.25","3,277.19",7.8595,6.6434,8891.7,8632.3,0.24313,0.22879,0.002399,0.002328,171.69,161.05
"344","01/13/2020",9274.49,9193.06,"3,288.13","3,268.43",5.7612,5.4715,8562.1,8112.1,0.21893,0.21133,0.002235,0.002155,150.26,143.59
"345","01/10/2020",9235.2,9164.66,"3,282.99","3,260.86",5.5554,5.3174,8242.3,8107.9,0.21469,0.21063,0.00224,0.002181,145.23,142.95
"346","01/09/2020",9215.95,9158.5,"3,275.58","3,263.67",5.2045,5.0571,7871.4,7792.9,0.20474,0.2005,0.002159,0.002112,138.19,136.33
"347","01/08/2020",9168.89,9059.38,"3,267.07","3,236.67",5.1607,4.9305,8065.9,7932.8,0.20871,0.20603,0.002142,0.00213,141.6,139.6
"348","01/07/2020",9091.93,9042.55,"3,244.91","3,232.43",4.9543,4.8122,8436.4,8150.2,0.21761,0.2119,0.002212,0.002176,147.55,142.95
"349","01/06/2020",9072.41,8943.5,"3,246.84","3,214.64",5.0763,4.8387,7979.3,7758.9,0.22505,0.2143,0.002213,0.00215,145.13,142.33
"350","01/03/2020",9065.76,8976.43,"3,246.15","3,222.34",4.6295,4.5286,7354.5,7291.4,0.19346,0.19196,0.002315,0.002041,134.77,132.95
"351","01/02/2020",9093.43,9010.89,"3,258.14","3,235.53",4.3567,4.1856,7220.8,6884.1,0.19143,0.18464,0.002012,0.001989,129.79,126.05
"352","12/31/2019",8975.35,8912.77,"3,231.72","3,212.03",4.5737,4.4801,7239.7,7180,0.19428,0.19223,0.00205,0.002014,130.92,128.81
"353","12/30/2019",9006.36,8909.19,"3,240.92","3,216.57",4.7299,4.5664,7284,7228.1,0.19401,0.19255,0.002038,0.002004,132.11,131.18
"354","12/27/2019",9052,8987.32,"3,247.93","3,234.37",4.6558,4.3853,7293.8,7128.5,0.18994,0.18539,0.00221,0.002067,127.04,123.18
"355","12/26/2019",9022.46,8968.45,"3,240.08","3,227.20",4.6558,4.4103,7247,7197.2,0.18994,0.18897,0.00221,0.002157,126.73,125.31
"356","12/24/2019",8957.12,8934.36,"3,226.43","3,220.51",4.0599,3.9038,7542.4,7231.7,0.19127,0.18852,0.002247,0.002116,128.17,125.79
"357","12/23/2019",8956.64,8934.55,"3,227.78","3,222.30",4.0117,3.6253,7348.4,7290.7,0.19214,0.18886,0.002204,0.002114,128.67,127.56
"358","12/20/2019",8931.91,8901.87,"3,225.65","3,216.03",4.0827,3.9991,7197.6,7158.5,0.19595,0.19198,0.002138,0.002066,128.79,127.4
"359","12/19/2019",8888.13,8838.97,"3,205.48","3,192.32",3.7321,3.6891,7178.7,7107.7,0.18799,0.18516,0.002321,0.00219,128.79,126.8
"360","12/18/2019",8848.76,8820.42,"3,198.48","3,191.14",3.7921,3.6823,7354,7153.8,0.19692,0.18868,0.002253,0.002196,133.9,127.28
"361","12/17/2019",8831.99,8804.6,"3,198.22","3,191.03",3.5559,3.4563,6711.2,6597.6,0.18833,0.18187,0.00221,0.002186,125.33,121.6
"362","12/16/2019",8833.45,8789.77,"3,197.71","3,183.63",3.7032,3.6591,6922.9,6879.2,0.2057,0.19171,0.002259,0.002243,132.96,131.37
"363","12/13/2019",8768.87,8697.58,"3,182.68","3,156.51",3.8677,3.8528,7265.8,7235.7,0.22071,0.21991,0.002323,0.002298,145.17,144.48
"364","12/12/2019",8745.82,8633.6,"3,176.28","3,138.47",3.8475,3.8006,7251.9,7208.2,0.21997,0.21838,0.002316,0.002295,145.43,144.37
"365","12/11/2019",8658.48,8622.35,"3,143.98","3,133.21",3.7931,3.7222,7272.4,7124.6,0.22254,0.21734,0.002324,0.002288,143.98,140
"366","12/10/2019",8650.76,8600.82,"3,142.12","3,126.09",3.7864,3.7676,7277,7210.6,0.22357,0.2205,0.002313,0.002287,146.56,145.2
"367","12/09/2019",8678.85,8619.77,"3,148.87","3,135.46",3.8001,3.7663,7400.3,7333.9,0.22525,0.22247,0.002309,0.002261,148.48,147
"368","12/06/2019",8665.44,8630.57,"3,150.60","3,134.62",3.9415,3.8745,7595.7,7508.4,0.22793,0.22497,0.002342,0.002324,149.55,148.29
"369","12/05/2019",8588.89,8541.92,"3,119.45","3,103.76",3.8059,3.7685,7435.4,7347.4,0.22397,0.22019,0.002355,0.002309,148.98,147.22
"370","12/04/2019",8584.88,8552.38,"3,119.38","3,102.53",3.8404,3.7733,7340.7,7184,0.21612,0.21212,0.002304,0.002216,146.6,144.64
"371","12/03/2019",8523.98,8435.4,"3,094.97","3,070.33",3.9153,3.7776,7292.2,7129.9,0.21953,0.21214,0.002298,0.00223,147.9,144.1
"372","12/02/2019",8672.84,8540.16,"3,144.31","3,110.78",3.9757,3.8802,7389.4,7287.2,0.22169,0.2186,0.002332,0.002224,149.84,148.65
"373","11/29/2019",8697.32,8664.04,"3,150.30","3,139.34",4.1007,4.035,7784,7729.9,0.23186,0.2288,0.002925,0.002872,155.19,153.19
"374","11/27/2019",8705.91,8662.58,"3,154.26","3,143.41",3.9855,3.8734,7567.1,7479.1,0.22914,0.2237,0.002413,0.002364,154.68,151.86
"375","11/26/2019",8659.73,8625.62,"3,142.69","3,131.00",3.9198,3.8283,7183.8,7081.1,0.22359,0.2182,0.002343,0.002312,148.46,144.75
"376","11/25/2019",8633.15,8559.65,"3,133.83","3,117.44",3.9335,3.7796,7187.8,7083.1,0.21937,0.21379,0.002528,0.002454,148.29,144.5
"377","11/22/2019",8535.46,8477.49,"3,112.87","3,099.26",3.8716,3.7941,7281.1,7156.7,0.23075,0.22655,0.002441,0.002414,150.38,146.6
"378","11/21/2019",8530.73,8487.29,"3,110.11","3,094.55",4.2306,4.1752,7688.4,7619.2,0.24569,0.24218,0.00253,0.002484,163.06,161.42
"379","11/20/2019",8578.27,8468.63,"3,118.97","3,091.41",4.4147,4.3199,8126,8086.6,0.25347,0.24897,0.002664,0.002652,175.91,174.3
"380","11/19/2019",8589.76,8536.73,"3,127.64","3,113.47",4.5585,4.2488,8245.6,8032.8,0.25313,0.24355,0.002649,0.002574,178.7,173.48
"381","11/18/2019",8559.78,8503.62,"3,124.17","3,112.06",4.4899,4.389,8245.6,8197.3,0.25313,0.25086,0.002641,0.002622,178.7,177.34
"382","11/15/2019",8540.83,8506.8,"3,120.46","3,104.60",4.6125,4.567,8492.1,8450.7,0.2618,0.25937,0.002726,0.002678,181.05,179.53
"383","11/14/2019",8485.36,8441.58,"3,098.20","3,083.26",4.7657,4.688,8668,8538.7,0.27217,0.26398,0.002744,0.002696,185.49,181.75
"384","11/13/2019",8496.9,8451.34,"3,098.06","3,078.80",4.8606,4.8368,8799.8,8748.4,0.27269,0.27148,0.002783,0.002741,188.91,187.28
"385","11/12/2019",8514.84,8462.99,"3,102.61","3,084.73",4.9125,4.8746,8829.7,8757.4,0.27248,0.2703,0.002785,0.002748,187.14,185.7
"386","11/11/2019",8467.29,8425.48,"3,088.33","3,075.82",4.9292,4.8767,8769.9,8720.8,0.27623,0.27377,0.002789,0.00277,186.48,184.6
"387","11/08/2019",8475.57,8405.89,"3,093.09","3,073.58",5.0644,4.9597,8840.3,8748.5,0.27865,0.27471,0.002847,0.002793,185.07,183.59
"388","11/07/2019",8483.16,8415.87,"3,097.77","3,080.23",5.2659,5.1882,9250.1,9194.4,0.29084,0.28798,0.002852,0.002736,188.3,186.6
"389","11/06/2019",8426.57,8379.33,"3,078.34","3,065.89",5.1303,5.068,9367,9285,0.31422,0.29745,0.002775,0.002726,192.27,189.24
"390","11/05/2019",8457.39,8421.05,"3,083.95","3,072.15",5.0724,5.0349,9336.6,9279.2,0.30081,0.29708,0.00275,0.002627,190.71,188.13
"391","11/04/2019",8451.37,8421.3,"3,085.20","3,074.87",4.9882,4.9285,9452.7,9349.5,0.30416,0.29793,0.002699,0.002649,187.02,185.02
"392","11/01/2019",8386.75,8326.56,"3,066.95","3,050.72",4.8987,4.8669,9270.1,9217.9,0.29448,0.29133,0.002663,0.002642,183.51,182.5
"393","10/31/2019",8321.8,8248.81,"3,046.90","3,023.19",4.8409,4.8022,9154.1,9113,0.29448,0.29242,0.002644,0.002615,182.71,181.4
"394","10/30/2019",8315.5,8241.7,"3,050.10","3,025.96",4.8516,4.7692,9202.5,9066.1,0.29838,0.29211,0.002659,0.002621,185.21,181.65
"395","10/29/2019",8319.29,8275.14,"3,047.87","3,034.81",4.9849,4.8949,9411.3,9288.8,0.30527,0.30077,0.002798,0.002661,191.58,188.56
"396","10/28/2019",8335.56,8285.27,"3,044.08","3,032.12",5.1358,4.7564,9304.3,9203.6,0.29655,0.29441,0.002791,0.002687,184.18,181.67
"397","10/25/2019",8249.97,8150.59,"3,027.39","3,001.94",5.088,4.7345,8888.9,8565,0.312,0.29739,0.00289,0.002694,192.54,181.5
"398","10/24/2019",8187.84,8137.66,"3,016.07","3,000.42",4.3347,4.2634,7448.8,7423,0.27718,0.27471,0.00261,0.002586,161.28,160.69
"399","10/23/2019",8122.88,8078.35,"3,004.78","2,991.21",4.2822,4.2371,7501.5,7432.3,0.2733,0.26872,0.002577,0.002532,162.61,160.38
"400","10/22/2019",8194.62,8101.98,"3,014.57","2,995.04",4.48,4.4498,8055,8011.2,0.29119,0.28817,0.002645,0.002571,171.61,170.99
"401","10/21/2019",8164.14,8117.26,"3,007.33","2,995.35",4.616,4.5812,8207.8,8174.7,0.29249,0.29071,0.00272,0.002701,174.51,173.49
"402","10/18/2019",8157.36,8045.37,"3,000.00","2,976.31",4.4156,4.3777,7952.6,7903.3,0.29474,0.28985,0.002761,0.002735,173.08,171.56
"403","10/17/2019",8183.64,8131.25,"3,008.29","2,991.79",4.5163,4.482,8109.1,8056.4,0.30187,0.29812,0.00286,0.002748,177.47,176.49
"404","10/16/2019",8146.15,8103.38,"2,997.54","2,985.20",4.4706,4.4154,8002,7967.3,0.28453,0.28101,0.002591,0.002574,174.68,173.52
"405","10/15/2019",8166.18,8071.81,"3,003.28","2,973.61",4.5951,4.5358,8185.9,8153.7,0.29202,0.28818,0.002561,0.002544,181.08,179.53
"406","10/14/2019",8069.85,8036.41,"2,972.84","2,962.94",4.8,4.7506,8400.2,8319.6,0.29878,0.29428,0.002569,0.00256,187.67,185.87
"407","10/11/2019",8115.8,8046.8,"2,993.28","2,963.07",4.6996,4.6437,8330.6,8260.9,0.27307,0.26728,0.002371,0.002366,183.76,180.6
"408","10/10/2019",7982.84,7899.81,"2,948.46","2,917.12",4.874,4.8141,8573.6,8488.1,0.27148,0.26772,0.002394,0.002378,191.64,188.87
"409","10/09/2019",7930.92,7873.52,"2,929.32","2,907.41",5.0886,4.979,8591.5,8524.5,0.2817,0.27598,0.002446,0.002437,193.68,191.34
"410","10/08/2019",7921.88,7823.73,"2,925.47","2,892.66",4.6358,4.6093,8205.6,8159.6,0.27967,0.27471,0.002433,0.002429,181.97,180.49
"411","10/07/2019",8013.31,7942.08,"2,959.75","2,935.68",4.7241,4.6645,8287.6,8198.5,0.28277,0.2748,0.002533,0.002524,184.51,179.73
"412","10/04/2019",7986.62,7899.39,"2,953.74","2,918.56",4.6593,4.5628,8160.3,8116.6,0.25252,0.25097,0.00257,0.002558,175.86,174.75
"413","10/03/2019",7872.26,7700,"2,911.13","2,855.94",4.6044,4.5293,8233.6,8079.3,0.24941,0.24493,0.002389,0.002339,174.77,172.27
"414","10/02/2019",7852.7,7744.96,"2,924.78","2,874.93",4.6897,4.6246,8391.7,8315.4,0.25292,0.25019,0.002423,0.002398,180.57,178.86
"415","10/01/2019",8062.5,7906.29,"2,992.53","2,938.70",4.6616,4.6118,8330,8277.5,0.24893,0.24724,0.002458,0.002436,177.41,174.69
"416","09/30/2019",8012.16,7949.63,"2,983.85","2,967.07",4.7363,4.6573,8293.1,8187.9,0.25759,0.25271,0.002457,0.002417,181.07,178
"417","09/27/2019",8051.83,7890.28,"2,987.31","2,945.53",4.7101,4.6585,8213.9,8129,0.24429,0.24109,0.002352,0.002318,174.44,172.67
"418","09/26/2019",8072.11,7991.02,"2,987.28","2,963.71",4.7087,4.6243,8091.3,7957.2,0.24343,0.23734,0.002236,0.002156,165.17,162.89
"419","09/25/2019",8095,7935.57,"2,989.82","2,952.86",4.8221,4.7198,8443.3,8355.6,0.24597,0.24183,0.002303,0.002236,169.14,166.9
"420","09/24/2019",8158.83,7969.65,"3,007.98","2,957.73",4.912,4.6683,8729.8,8510.2,0.24354,0.23323,0.002289,0.002208,174.26,166.1
"421","09/23/2019",8135.81,8085.34,"2,999.15","2,982.23",5.8263,5.7495,9787.6,9630.4,0.26922,0.26444,0.002601,0.002576,202.97,200.02
"422","09/20/2019",8202.82,8086.16,"3,016.37","2,984.68",6.1983,6.1594,10177.9,10147.6,0.29728,0.29245,0.002728,0.002706,221.17,217.43
"423","09/19/2019",8237.43,8174.32,"3,021.99","3,003.16",6.22,6.1295,10279.5,10217.6,0.30151,0.28934,0.002742,0.002708,221.27,217.28
"424","09/18/2019",8179.87,8086.22,"3,007.83","2,978.57",6.3732,6.2054,10187.4,10118,0.31348,0.298,0.002751,0.002705,210.45,205.88
"425","09/17/2019",8188.23,8139.82,"3,006.21","2,993.73",6.3698,6.2762,10230.7,10191.6,0.30625,0.28523,0.00262,0.002596,212.23,207.69
"426","09/16/2019",8165.33,8121.25,"3,002.19","2,990.67",6.2223,6.1658,10261.2,10198.4,0.26143,0.25975,0.002514,0.002498,198.63,196.97
"427","09/13/2019",8210.2,8165.47,"3,017.33","3,002.90",6.1893,6.1672,10355,10299.1,0.25548,0.25427,0.002486,0.00246,181.41,180.36
"428","09/12/2019",8243.8,8176.73,"3,020.74","3,000.92",6.2115,6.1194,10441.4,10336.7,0.25463,0.25328,0.00249,0.002457,181.53,180.12
"429","09/11/2019",8169.68,8081.56,"3,000.93","2,975.31",6.3613,6.2552,10200.7,10107,0.25559,0.25429,0.002489,0.002456,178.95,177.48
"430","09/10/2019",8086.53,8001.68,"2,979.39","2,957.01",6.5837,6.4738,10257.5,10075.1,0.2604,0.25669,0.002487,0.002468,182.27,179.85
"431","09/09/2019",8131.66,8052.34,"2,989.43","2,969.39",6.6619,6.3796,10478,10095.7,0.26396,0.25664,0.002581,0.002491,184.76,176.25
"432","09/06/2019",8134.39,8098.52,"2,985.03","2,972.51",6.6644,6.3175,10379.4,10302.3,0.25147,0.2503,0.002579,0.002565,169.53,168.42
"433","09/05/2019",8134.42,8061.29,"2,985.86","2,960.60",7.0758,6.9734,10596.9,10557.8,0.25658,0.2552,0.002522,0.002508,174.2,173.08
"434","09/04/2019",7981.41,7928.94,"2,938.84","2,921.86",6.8503,6.7069,10571.1,10497.4,0.25852,0.25754,0.002904,0.002877,174.83,173.77
"435","09/03/2019",7940.37,7847.32,"2,914.39","2,891.85",NA,NA,NA,NA,NA,NA,NA,NA,NA,NA
"436","08/30/2019",8017.91,7914.74,"2,940.43","2,913.32",NA,NA,NA,NA,NA,NA,NA,NA,NA,NA
"437","08/29/2019",7992.29,7925.83,"2,930.50","2,905.67",NA,NA,NA,NA,NA,NA,NA,NA,NA,NA
"438","08/28/2019",7866.87,7766.67,"2,890.03","2,853.05",NA,NA,NA,NA,NA,NA,NA,NA,NA,NA
"439","08/27/2019",7916.83,7795.18,"2,898.79","2,860.59",NA,NA,NA,NA,NA,NA,NA,NA,NA,NA
"440","08/26/2019",7856.04,7789.05,"2,879.27","2,856.00",NA,NA,NA,NA,NA,NA,NA,NA,NA,NA
"441","08/23/2019",8005.34,7730.77,"2,927.01","2,834.97",NA,NA,NA,NA,NA,NA,NA,NA,NA,NA
"442","08/22/2019",8048.58,7937.12,"2,939.08","2,904.51",NA,NA,NA,NA,NA,NA,NA,NA,NA,NA
"443","08/21/2019",8036.94,7998.5,"2,928.73","2,917.91",NA,NA,NA,NA,NA,NA,NA,NA,NA,NA
"444","08/20/2019",8010.58,7948.09,"2,923.63","2,899.60",NA,NA,NA,NA,NA,NA,NA,NA,NA,NA
"445","08/19/2019",8026.75,7974.36,"2,931.00","2,913.48",NA,NA,NA,NA,NA,NA,NA,NA,NA,NA
"446","08/16/2019",7907.52,7828.35,"2,893.63","2,864.74",5.6493,5.4481,10530.9,9788.6,0.26501,0.25534,0.00273,0.002605,188.03,179.35
"447","08/15/2019",7805.93,7716.55,"2,856.67","2,825.51",5.6493,5.5734,10413.8,10253.9,0.26501,0.26303,0.002675,0.002658,188.03,186.48
"448","08/14/2019",7900.28,7762.87,"2,894.15","2,839.64",5.7764,5.5975,10195.2,10013.8,0.26724,0.2632,0.002811,0.002755,189.3,186.62
"449","08/13/2019",8065.24,7851.58,"2,943.31","2,877.05",6.0293,5.9174,10894.5,10554.4,0.29853,0.29514,0.00287,0.002852,209.43,206.46
"450","08/12/2019",7924.99,7833.79,"2,907.58","2,873.14",NA,NA,NA,NA,NA,NA,NA,NA,NA,NA
"451","08/09/2019",8020.56,7910.35,"2,935.75","2,900.15",NA,NA,NA,NA,NA,NA,NA,NA,NA,NA
"452","08/08/2019",8041.12,7896.15,"2,938.72","2,894.47",NA,NA,NA,NA,NA,NA,NA,NA,NA,NA
"453","08/07/2019",7881.38,7702.42,"2,892.17","2,825.71",NA,NA,NA,NA,NA,NA,NA,NA,NA,NA
"454","08/06/2019",7845.01,7739.57,"2,884.40","2,847.42",6.2492,6.0707,12291.9,11588.7,0.32398,0.31544,0.003087,0.002993,237.47,226.8
"455","08/05/2019",7836.45,7662.9,"2,898.07","2,822.12",6.1822,6.1093,11830.2,11588.7,0.32229,0.3175,0.003049,0.003013,232.49,226.8
"456","08/02/2019",8068.8,7953.67,"2,945.50","2,914.11",5.9441,5.8647,10785.3,10504.5,0.31567,0.31104,0.002943,0.002904,223,215.52
"457","08/01/2019",8311.04,8080.52,"3,013.59","2,945.23",5.9649,5.9193,10439.9,10331.9,0.31594,0.31363,0.002938,0.002923,216.81,214.91
"458","07/31/2019",8299.83,8110.02,"3,017.40","2,958.08",6.0659,5.9465,10145,9993.1,0.31967,0.31568,0.002905,0.002854,217.55,211.41
"459","07/30/2019",8295.46,8228.02,"3,017.19","3,000.94",5.9883,5.9136,9703.9,9562.4,0.32044,0.31792,0.002928,0.00277,211.46,208.17
"460","07/29/2019",8325.28,8247.37,"3,025.61","3,014.30",5.9391,5.8873,9607.5,9544.6,0.31089,0.30882,0.002845,0.002828,210.46,207.09
"461","07/26/2019",8339.64,8291.12,"3,027.98","3,012.59",6.3052,6.1889,10232.3,9818.2,0.32587,0.32219,0.003001,0.002949,222.7,217.55
"462","07/25/2019",8295.95,8233.4,"3,016.31","2,997.24",6.0052,5.8914,9947.4,9732.8,0.31341,0.3088,0.002957,0.00292,217.67,212.07
"463","07/24/2019",8321.81,8226.5,"3,019.59","2,996.82",6.2292,6.077,10203.3,9776.6,0.3219,0.31487,0.002991,0.002893,223.3,214.79
"464","07/23/2019",8251.83,8193.89,"3,005.90","2,988.56",6.0372,5.8744,9888.9,9628.2,0.30891,0.30412,0.002921,0.002859,211.86,202.3
"465","07/22/2019",8218.42,8171.54,"2,990.71","2,976.65",6.3716,6.2584,10414.6,10294.8,0.32125,0.317,0.003017,0.002995,217.23,214.68
"466","07/19/2019",8245.78,8144.63,"3,006.02","2,975.86",5.9218,5.8379,10650.4,10462,0.32306,0.31854,0.003087,0.003004,222.67,219.8
"467","07/18/2019",8215.58,8135.12,"2,998.28","2,973.09",6.0323,5.968,10721.9,10590.3,0.32197,0.31855,0.003129,0.003095,225.68,222.61
"468","07/17/2019",8230.67,8184.66,"3,005.26","2,984.25",5.7395,5.6103,9858.7,9617.8,0.3134,0.30718,0.00293,0.002874,213.86,206.7
"469","07/16/2019",8259.75,8204.23,"3,015.02","3,001.15",5.4571,5.2673,9613.6,9252.9,0.29852,0.2933,0.002882,0.002745,203.21,194.45
"470","07/15/2019",8264.78,8236.27,"3,017.80","3,008.77",5.8614,5.7629,11019.5,10772.3,0.3194,0.31285,0.00313,0.003082,234.41,228.39
"471","07/12/2019",8245.66,8201.52,"3,013.92","3,001.87",6.7773,6.7129,11798.4,11624.6,0.34423,0.33816,0.003374,0.00327,275.04,272.76
"472","07/11/2019",8226.18,8171.63,"3,002.33","2,988.80",6.7111,6.5685,11519.8,11224.6,0.33112,0.32621,0.00329,0.003225,274.28,267.17
"473","07/10/2019",8228.6,8160.56,"3,002.98","2,984.62",7.2744,7.0879,12111.3,11810.9,0.36235,0.35493,0.003408,0.003309,289.14,281.88
"474","07/09/2019",8146.98,8061.32,"2,981.90","2,963.44",7.9215,7.8701,13026.8,12523.2,0.39611,0.39228,0.003529,0.003488,312.09,306.63
"475","07/08/2019",8112.91,8078.39,"2,980.76","2,970.09",8.0377,7.9729,12660,12187.4,0.40631,0.40059,0.003514,0.003458,314.91,309.79
"476","07/05/2019",8171.97,8093.66,"2,994.03","2,967.97",7.9063,7.7984,11378.1,10967.9,0.38398,0.37877,0.003932,0.00373,292.7,286.83
"477","07/03/2019",8170.23,8122.34,"2,995.84","2,977.96",7.8585,7.7658,11948,11721.4,0.40452,0.40148,0.003352,0.003326,301.56,297.45
"478","07/02/2019",8109.37,8063.1,"2,973.21","2,955.92",7.9127,7.7059,11422.4,10836.4,0.40511,0.39815,0.003237,0.003163,298.42,291.48
"479","07/01/2019",8150.45,8059.29,"2,977.93","2,952.22",7.8885,7.6652,10685.5,10225.9,0.41065,0.39927,0.003293,0.003241,297,286.69
"480","06/28/2019",8010.15,7961.46,"2,943.98","2,929.05",8.0403,7.7884,12422.9,11673.1,0.42625,0.40903,0.003419,0.003285,310.78,298.12
"481","06/27/2019",7976.58,7935.47,"2,929.30","2,918.57",8.0645,7.7133,11718.4,11199.8,0.41723,0.40736,0.003524,0.003358,306.81,295.3
"482","06/26/2019",7974.28,7903.07,"2,932.59","2,912.99",9.194,8.8117,13422,12543.1,0.47071,0.45811,0.003427,0.003272,345.83,329.83
"483","06/25/2019",8007.31,7879.15,"2,946.52","2,916.01",9.3045,9.2038,11985.3,11747.3,0.47482,0.4614,0.003349,0.003273,319.68,315.99
"484","06/24/2019",8047.56,8004.63,"2,954.92","2,944.05",9.3355,9.249,11116.8,11033.7,0.47639,0.47105,0.00337,0.003343,312.73,310.07
"485","06/21/2019",8073.02,8011.2,"2,964.15","2,946.87",8.943,8.6522,10734.3,10031.3,0.4494,0.44022,0.003293,0.003088,305.34,292.09
"486","06/20/2019",8088.88,7996.87,"2,958.06","2,931.50",8.6792,8.4995,9785.1,9517.4,0.44178,0.42973,0.003154,0.003097,283.6,271.47
"487","06/19/2019",7998.59,7930.38,"2,931.74","2,911.43",8.5321,8.1979,9275.9,9228.7,0.43421,0.43204,0.003143,0.003138,268.72,267.66
"488","06/18/2019",8005.21,7911.67,"2,930.79","2,905.44",8.4931,8.4075,9169.1,9044,0.42956,0.42432,0.003113,0.003093,266.93,263.61
"489","06/17/2019",7865.98,7812.61,"2,897.27","2,887.30",8.7941,8.7253,9336.1,9236.1,0.45471,0.4446,0.003195,0.003183,273.26,270.37
"490","06/14/2019",7819.21,7778.12,"2,894.45","2,879.62",8.5676,8.4956,8668.3,8582.3,0.40837,0.40039,0.003109,0.003093,265.77,260.93
"491","06/13/2019",7848.36,7813.6,"2,895.24","2,881.99",8.5501,8.3692,8240.5,8153.2,0.39973,0.39329,0.003085,0.003052,256.54,252.01
"492","06/12/2019",7819.16,7773.97,"2,888.57","2,874.68",8.5909,8.4757,8145.3,8085.5,0.40797,0.39857,0.003087,0.00305,262.47,258.59
"493","06/11/2019",7909.99,7798.63,"2,910.61","2,878.53",8.2606,8.1686,7894.6,7805.8,0.39207,0.38752,0.003059,0.003036,244.81,242.57
"494","06/10/2019",7895.44,7795.76,"2,904.77","2,885.51",8.2992,8.162,8010.4,7928.5,0.40176,0.39397,0.003081,0.003067,247.77,244.12
"495","06/07/2019",7767.02,7647.91,"2,884.97","2,852.87",8.3798,8.1454,8044.4,7962.3,0.42205,0.41817,0.003153,0.003139,250.51,248.37
"496","06/06/2019",7634.12,7546.22,"2,852.10","2,822.45",7.9749,7.8187,7813.7,7752.9,0.42033,0.41434,0.003093,0.003075,249.98,246.11
"497","06/05/2019",7589.47,7498.17,"2,827.28","2,800.92",8.1714,8.0553,7848.7,7751.1,0.40356,0.39933,0.003034,0.003012,246.94,244.6
"498","06/04/2019",7529.5,7385.02,"2,804.49","2,762.64",8.3676,8.1235,7793.8,7685.7,0.4028,0.39707,0.003067,0.002962,243.57,240.15
"499","06/03/2019",7457.66,7292.22,"2,763.07","2,728.81",9.3646,8.8123,8118.1,7824,0.41877,0.40051,0.003187,0.003079,250.28,241.88
"500","05/31/2019",7506.86,7448.23,"2,768.98","2,750.52",8.6988,8.5299,8584,8499.4,0.44121,0.43276,0.003404,0.003331,274.94,265.64
"501","05/30/2019",7595.9,7527.66,"2,799.00","2,776.74",8.2947,8.0858,8382.8,8269,0.42637,0.41732,0.003248,0.003174,258.77,253.83
"502","05/29/2019",7581.11,7503.94,"2,792.03","2,766.06",8.5206,8.092,8715.1,8558.5,0.45116,0.43597,0.003183,0.003129,273.29,267.16
"503","05/28/2019",7693.74,7603.76,"2,840.51","2,801.58",8.2451,7.9805,8715.6,8617.6,0.44861,0.43539,0.003145,0.0031,271.16,266.98
"504","05/24/2019",7694.15,7631.25,"2,841.36","2,820.19",7.3121,7.2234,8033.1,7941,0.3866,0.38124,0.002994,0.002976,251.08,247.9
"505","05/23/2019",7665.15,7585.32,"2,836.70","2,805.49",7.1296,7.0021,7906.8,7816.6,0.38167,0.37664,0.002956,0.002933,246.15,242.45
"506","05/22/2019",7786.33,7738.35,"2,865.47","2,851.11",6.957,6.8562,7679.3,7558.3,0.37557,0.37146,0.002937,0.002853,245.09,241.84
"507","05/21/2019",7804.44,7752.92,"2,868.88","2,854.02",7.4809,7.3681,7998.4,7906.7,0.40906,0.39523,0.003056,0.003022,259.7,253.32
"508","05/20/2019",7747.27,7678.35,"2,853.86","2,831.29",7.445,7.33,8016.8,7836.3,0.40426,0.39016,0.002997,0.002974,254.94,248.89
"509","05/17/2019",7918.71,7810.35,"2,885.48","2,854.23",7.3566,7.1442,7434.6,7242.2,0.39294,0.37653,0.002932,0.002878,247.84,237.45
"510","05/16/2019",7946.23,7826.67,"2,892.15","2,855.80",7.7994,7.6112,7924,7765,0.42271,0.40176,0.003151,0.003013,267.8,252.72
"511","05/15/2019",7838.72,7682.24,"2,858.68","2,815.08",8.067,7.5626,8288.2,8142,0.47574,0.45364,0.003469,0.003316,268.43,247.19
"512","05/14/2019",7776.2,7665.3,"2,852.54","2,820.12",6.7347,6.5057,8123.4,7963.3,0.4486,0.40908,0.003124,0.003038,222.93,217.32
"513","05/13/2019",7760.83,7627.22,"2,840.19","2,801.43",6.4057,6.0621,8041,7784.8,0.37287,0.32271,0.002788,0.002726,204.96,195.22
"514","05/10/2019",7949.34,7759.34,"2,891.31","2,825.39",5.6728,5.6132,6518.5,6386.5,0.30089,0.29929,0.002521,0.002494,177.43,172.75
"515","05/09/2019",7929.78,7796.16,"2,875.97","2,836.40",5.5803,5.5021,6225.8,6157.8,0.29612,0.29408,0.002501,0.002466,171.16,168.86
"516","05/08/2019",8004.49,7923.35,"2,897.96","2,873.28",5.7854,5.705,6105,5990,0.30188,0.29976,0.002555,0.002537,173.28,170.26
"517","05/07/2019",8070.97,7899.02,"2,913.03","2,862.60",5.6966,5.6139,5891.3,5799.1,0.30097,0.29688,0.002561,0.002524,169.68,165.7
"518","05/06/2019",8135.54,7981.85,"2,937.32","2,898.21",5.875,5.6931,5944.2,5745.5,0.30666,0.30294,0.002633,0.002595,181.39,172.97
"519","05/03/2019",8164.71,8084.8,"2,947.85","2,929.21",6.0784,5.8322,5837,5319.5,0.3127,0.30175,0.002767,0.002497,168.98,160.05
"520","05/02/2019",8094.06,7976.77,"2,931.68","2,900.50",NA,NA,NA,NA,NA,NA,NA,NA,NA,NA
"521","05/01/2019",8146,8048.23,"2,954.13","2,923.36",NA,NA,NA,NA,NA,NA,NA,NA,NA,NA
"522","04/30/2019",8124.61,8050.55,"2,948.22","2,924.11",NA,NA,NA,NA,NA,NA,NA,NA,NA,NA
"523","04/29/2019",8176.08,8136.41,"2,949.52","2,939.35",NA,NA,NA,NA,NA,NA,NA,NA,NA,NA
"524","04/26/2019",8146.42,8060.89,"2,939.88","2,917.56",NA,NA,NA,NA,NA,NA,NA,NA,NA,NA
"525","04/25/2019",8151.84,8075.41,"2,933.10","2,912.84",NA,NA,NA,NA,NA,NA,NA,NA,NA,NA
"526","04/24/2019",8139.55,8101.7,"2,936.83","2,926.05",NA,NA,NA,NA,NA,NA,NA,NA,NA,NA
"527","04/23/2019",8128.87,8023.81,"2,936.31","2,908.53",NA,NA,NA,NA,NA,NA,NA,NA,NA,NA
"528","04/22/2019",8017.15,7965.9,"2,909.51","2,896.35",NA,NA,NA,NA,NA,NA,NA,NA,NA,NA
"529","04/18/2019",8002.31,7950.97,"2,908.40","2,891.90",NA,NA,NA,NA,NA,NA,NA,NA,NA,NA
"530","04/17/2019",8052.4,7973.38,"2,918.00","2,895.45",NA,NA,NA,NA,NA,NA,NA,NA,NA,NA
"531","04/16/2019",8017.56,7978.81,"2,916.06","2,900.71",NA,NA,NA,NA,NA,NA,NA,NA,NA,NA
"532","04/15/2019",7993.33,7933.56,"2,909.60","2,896.48",NA,NA,NA,NA,NA,NA,NA,NA,NA,NA
"533","04/12/2019",7992.09,7952.61,"2,910.54","2,898.37",NA,NA,NA,NA,NA,NA,NA,NA,NA,NA
"534","04/11/2019",7975.2,7933.41,"2,893.42","2,881.99",NA,NA,NA,NA,NA,NA,NA,NA,NA,NA
"535","04/10/2019",7965.33,7916.9,"2,889.71","2,879.13",NA,NA,NA,NA,NA,NA,NA,NA,NA,NA
"536","04/09/2019",7945.55,7897.61,"2,886.88","2,873.33",NA,NA,NA,NA,NA,NA,NA,NA,NA,NA
"537","04/08/2019",7955.9,7891.85,"2,895.95","2,880.78",NA,NA,NA,NA,NA,NA,NA,NA,NA,NA
"538","04/05/2019",7940.45,7909.14,"2,893.24","2,882.99",NA,NA,NA,NA,NA,NA,NA,NA,NA,NA
"539","04/04/2019",7917.65,7844.96,"2,881.28","2,867.14",NA,NA,NA,NA,NA,NA,NA,NA,NA,NA
"540","04/03/2019",7938.26,7870.9,"2,885.25","2,865.17",NA,NA,NA,NA,NA,NA,NA,NA,NA,NA
"541","04/02/2019",7854.92,7811.28,"2,872.90","2,858.75",NA,NA,NA,NA,NA,NA,NA,NA,NA,NA
"542","04/01/2019",7831.45,7777.09,"2,869.40","2,848.63",NA,NA,NA,NA,NA,NA,NA,NA,NA,NA
"543","03/29/2019",7733.62,7688.51,"2,836.03","2,819.23",NA,NA,NA,NA,NA,NA,NA,NA,NA,NA
"544","03/28/2019",7689.16,7619.82,"2,819.71","2,798.77",NA,NA,NA,NA,NA,NA,NA,NA,NA,NA
"545","03/27/2019",7712.84,7582.09,"2,825.56","2,787.72",NA,NA,NA,NA,NA,NA,NA,NA,NA,NA
"546","03/26/2019",7738.17,7649.21,"2,829.87","2,803.99",NA,NA,NA,NA,NA,NA,NA,NA,NA,NA
"547","03/25/2019",7662.38,7579.29,"2,809.79","2,785.02",NA,NA,NA,NA,NA,NA,NA,NA,NA,NA
"548","03/22/2019",7817.83,7642.57,"2,846.16","2,800.47",NA,NA,NA,NA,NA,NA,NA,NA,NA,NA
"549","03/21/2019",7850.11,7705.43,"2,860.31","2,817.38",NA,NA,NA,NA,NA,NA,NA,NA,NA,NA
"550","03/20/2019",7779.24,7674.04,"2,843.54","2,812.43",NA,NA,NA,NA,NA,NA,NA,NA,NA,NA
"551","03/19/2019",7767.89,7699.15,"2,852.42","2,823.27",NA,NA,NA,NA,NA,NA,NA,NA,NA,NA
"552","03/18/2019",7737.67,7677.74,"2,835.41","2,821.99",4.4862,4.3248,4032.3,3958.5,0.31948,0.31241,0.002081,0.002037,141.87,136.86
"553","03/15/2019",7714.96,7652.04,"2,830.73","2,810.79",4.4693,4.2959,3935.7,3874.8,0.31665,0.31117,0.002047,0.002011,137.68,132.45
"554","03/14/2019",7653.1,7627.02,"2,815.00","2,803.46",4.3425,4.1927,3914.7,3828.4,0.3168,0.30686,0.002029,0.00199,134.82,130.48
"555","03/13/2019",7677.07,7619.46,"2,821.24","2,799.78",4.2893,4.1833,3894.7,3847.4,0.3252,0.30781,0.002073,0.001992,133.84,131.2
"556","03/12/2019",7611.13,7560.46,"2,798.32","2,786.73",4.3054,4.1446,3900.1,3817.1,0.31157,0.30641,0.002029,0.0019,134.93,129.14
"557","03/11/2019",7558.23,7442.4,"2,784.00","2,747.61",4.348,4.1914,3935.5,3842.4,0.31447,0.30799,0.001967,0.00192,136.23,131.66
"558","03/08/2019",7411.52,7332.92,"2,744.13","2,722.27",4.4059,4.1119,3929,3810.7,0.31624,0.3052,0.00197,0.001929,139.45,131.66
