"","Date","Close.Last","Volume","Open","High","Low","diff","norm"
"1","05/21/2021",2333.99,"N/A",2791.47,2481.06,2311.87,169.19,0.343100150571766
"2","05/20/2021",2805.8,"N/A",2474.48,2931.66,2766.02,165.64,0.335876775322508
"3","05/19/2021",2448.76,"N/A",3094.68,2539.36,2163.4,375.96,0.763826150653156
"4","05/18/2021",3103.98,"N/A",3380.61,3434.01,3065.84,368.17,0.747975420176617
"5","05/17/2021",3388.7,"N/A",3254.53,3415,3244.93,170.07,0.344890733732146
"6","05/16/2021",3267.2,"N/A",3825.2,3582.19,3235.2,346.99,0.704879339112034
"7","05/15/2021",3798.62,"N/A",4027.17,3851.62,3626.53,225.09,0.456842876327676
"8","05/14/2021",4035.14,"N/A",3781.41,4129.99,4013.04,116.95,0.236804622960159
"9","05/13/2021",3807.61,"N/A",3938.29,3893.57,3694.54,199.03,0.403817197737355
"10","05/12/2021",3911.35,"N/A",4337.93,4031.99,3539.96,492.03,1
"11","05/11/2021",4318.2,"N/A",3855.65,4327.76,4151.39,176.37,0.357709681357588
"12","05/10/2021",3857.83,"N/A",4051.53,4025.11,3781.86,243.25,0.493794001546413
"13","05/09/2021",4053.56,"N/A",3879.14,4067.75,3888.6,179.15,0.363366296341513
"14","05/08/2021",3947.83,"N/A",3531.95,3947.83,3819.55,128.28,0.259858381150042
"15","05/07/2021",3526.88,"N/A",3423.71,3549.69,3453.37,96.3200000000002,0.194827656370814
"16","05/06/2021",3439.26,"N/A",3471.5,3530.84,3401.11,129.73,0.262808773857486
"17","05/05/2021",3466.61,"N/A",3310.14,3537.12,3442.35,94.77,0.191673788304236
"18","05/04/2021",3317.58,"N/A",3237.69,3331.54,3295.34,36.1999999999998,0.072498270459447
"19","05/03/2021",3239.54,"N/A",3053.38,3446.51,3188.9,257.61,0.523013063118057
"20","05/02/2021",3052.6,"N/A",2949.71,3057.99,2950.07,107.92,0.218430798030358
"21","05/01/2021",2912.25,"N/A",2838.94,2954.53,2910.74,43.7900000000004,0.0879420502177195
"22","04/30/2021",2843.18,"N/A",2742.91,2846.81,2753.6,93.21,0.188499572701746
"23","04/29/2021",2740.19,"N/A",2694.76,2768.03,2727.5,40.5300000000002,0.0813087535099504
"24","04/28/2021",2690.07,"N/A",2628.81,2753.4,2686.07,67.3299999999999,0.135840149757864
"25","04/27/2021",2642.5,"N/A",2494.61,2714.94,2629.85,85.0900000000001,0.171977373540065
"26","04/26/2021",2498.12,"N/A",2453.65,2546.63,2484.44,62.1900000000001,0.125381516298376
"27","04/25/2021",2445.16,"N/A",2189.26,2467.72,2305.97,161.75,0.327961583852196
"28","04/24/2021",2192.66,"N/A",2296.72,2249.28,2190.59,58.6900000000001,0.118259878728686
"29","04/23/2021",2302.55,"N/A",2281.49,2367.46,2229.62,137.84,0.279310625483254
"30","04/22/2021",2277.17,"N/A",2385.58,2440.21,2141.95,298.26,0.605725796606032
"31","04/21/2021",2379.77,"N/A",2290.15,2448.59,2319.93,128.66,0.260631587514753
"32","04/20/2021",2297.03,"N/A",2102.52,2360.69,2281.78,78.9099999999999,0.159402596345582
"33","04/19/2021",2104.16,"N/A",2265.71,2173.73,2067.73,106,0.214524071134986
"34","04/18/2021",2272.48,"N/A",2163.45,2275.87,2200.84,75.0299999999997,0.151507752411183
"35","04/17/2021",2081.57,"N/A",2486.24,2338.53,1948.93,389.6,0.791580189639035
"36","04/16/2021",2481.23,"N/A",2495.66,2489.45,2423.04,66.4099999999999,0.133968176453831
"37","04/15/2021",2505.26,"N/A",2475.6,2544.54,2478.92,65.6199999999999,0.132360721116673
"38","04/14/2021",2467.41,"N/A",2346.87,2475.98,2402.75,73.23,0.147845195946771
"39","04/13/2021",2340.08,"N/A",2163.35,2349.99,2281.49,68.5,0.138220811459732
"40","04/12/2021",2165.82,"N/A",2149.2,2175.04,2136.49,38.5500000000002,0.077279941399097
"41","04/11/2021",2148.11,"N/A",2145.41,2162.22,2131.14,31.0799999999999,0.062080332071786
"42","04/10/2021",2145.29,"N/A",2143.2,2157.01,2123.76,33.25,0.0664957473649941
"43","04/09/2021",2143.07,"N/A",2072.65,2145.32,2058.23,87.0900000000001,0.176046880722745
"44","04/08/2021",2075.85,"N/A",1997.74,2097.6,2070.14,27.46,0.0547145240711351
"45","04/07/2021",1992.68,"N/A",2104.49,1994.32,1951.83,42.49,0.0852968705489766
"46","04/06/2021",2104.03,"N/A",2114.96,2128.25,2082.07,46.1799999999998,0.0928051113010212
"47","04/05/2021",2121.24,"N/A",2029.49,2150.78,2108.81,41.9700000000003,0.0842387986814803
"48","04/04/2021",2032.56,"N/A",2016.56,2083.73,2031.45,52.28,0.105217108208196
"49","04/03/2021",2008.59,"N/A",2092.44,2023.85,1982,41.8499999999999,0.0839946282505187
"50","04/02/2021",2092.19,"N/A",1995.4,2137.68,2084.03,53.6499999999996,0.108004720628331
"51","04/01/2021",1993.19,"N/A",1925.82,2010.3,1949.99,60.3099999999999,0.121556179546657
"52","03/31/2021",1917.44,"N/A",1839.94,1944.08,1914.09,29.99,0.0598624506572255
"53","03/30/2021",1819.79,"N/A",1793.72,1861.85,1817.09,44.76,0.0899157612013186
"54","03/29/2021",1796.9,"N/A",1694.6,1827.16,1788.6,38.5600000000002,0.0773002889350104
"55","03/28/2021",1698.17,"N/A",1706.73,1700.97,1678.38,22.5899999999999,0.0448052740813086
"56","03/27/2021",1712.37,"N/A",1696.01,1716.12,1701.26,14.8599999999999,0.0290766288202497
"57","03/26/2021",1694.38,"N/A",1612.97,1717.19,1687.49,29.7,0.0592723721157369
"58","03/25/2021",1620.25,"N/A",1570.57,1628.28,1586.36,41.9200000000001,0.0841370610019129
"59","03/24/2021",1572.02,"N/A",1679.82,1597.09,1550.11,46.98,0.0944329141740936
"60","03/23/2021",1678.98,"N/A",1700.94,1685.04,1652.07,32.97,0.065926016359419
"61","03/22/2021",1697.77,"N/A",1783.57,1712.43,1668.86,43.5700000000002,0.0874944044276242
"62","03/21/2021",1781.34,"N/A",1786.73,1786,1754.21,31.79,0.0635250071216375
"63","03/20/2021",1784.54,"N/A",1833.17,1815.85,1776.42,39.4299999999998,0.0790705245594756
"64","03/19/2021",1828,"N/A",1779.84,1835.31,1801.6,33.71,0.0674317340170107
"65","03/18/2021",1782.3,"N/A",1834.11,1848.88,1735.42,113.46,0.229703332926383
"66","03/17/2021",1835.14,"N/A",1766.07,1849.23,1812.94,36.29,0.0726813982826679
"67","03/16/2021",1766.73,"N/A",1749.34,1811.93,1763.65,48.28,0.0970780938428356
"68","03/15/2021",1747.84,"N/A",1883.93,1803.06,1715.97,87.0899999999999,0.176046880722744
"69","03/14/2021",1885.23,"N/A",1911.09,1890.59,1843.41,47.1799999999998,0.0948398648923613
"70","03/13/2021",1903.82,"N/A",1771.54,1932.36,1890.05,42.3099999999999,0.0849306149025352
"71","03/12/2021",1755.68,"N/A",1804.91,1767.3,1730.46,36.8399999999999,0.0738005127579049
"72","03/11/2021",1804.89,"N/A",1800.28,1841.19,1797.03,44.1600000000001,0.0886949090465147
"73","03/10/2021",1798.94,"N/A",1793.22,1816.29,1764.46,51.8299999999999,0.104301469092093
"74","03/09/2021",1791.89,"N/A",1836.52,1875.98,1759.5,116.48,0.23584828877223
"75","03/08/2021",1843.43,"N/A",1728.08,1858.77,1809.09,49.6800000000001,0.099926748870712
"76","03/07/2021",1726.71,"N/A",1658.18,1751.92,1710.67,41.25,0.0827737760957149
"77","03/06/2021",1657.64,"N/A",1529.67,1685.08,1639.66,45.4199999999998,0.0912586985716027
"78","03/05/2021",1528.31,"N/A",1467.96,1548.06,1521.6,26.46,0.052679770479795
"79","03/04/2021",1483.07,"N/A",1536.46,1540.66,1447.45,93.21,0.188499572701746
"80","03/03/2021",1543.9,"N/A",1540.21,1623.73,1535.9,87.8299999999999,0.177552598380336
"81","03/02/2021",1543.85,"N/A",1576.03,1547,1477.72,69.28,0.139807919260978
"82","03/01/2021",1568.58,"N/A",1440.72,1602.13,1515.22,86.9100000000001,0.175680625076304
"83","02/28/2021",1444.09,"N/A",1368.4,1455.37,1411.55,43.8199999999999,0.0880030928254588
"84","02/27/2021",1385.91,"N/A",1502.21,1467.76,1367.31,100.45,0.203231188703048
"85","02/26/2021",1503.8,"N/A",1503.15,1515.83,1439.84,75.99,0.15346111585887
"86","02/25/2021",1508.01,"N/A",1589.77,1526.62,1449.19,77.4299999999998,0.156391161030399
"87","02/24/2021",1595.49,"N/A",1643.15,1655.45,1588.7,66.75,0.134659992674887
"88","02/23/2021",1636.05,"N/A",1632.56,1652.01,1505.79,146.22,0.296361860578684
"89","02/22/2021",1609.62,"N/A",1864.79,1781.44,1609.62,171.82,0.348451552516991
"90","02/21/2021",1857.91,"N/A",1944.76,1935.04,1837.22,97.8199999999999,0.197879786757824
"91","02/20/2021",1937.85,"N/A",2021.73,1954.82,1885.7,69.1199999999999,0.139482358686363
"92","02/19/2021",2025.19,"N/A",1903.83,2040.79,1924.17,116.62,0.236133154275017
"93","02/18/2021",1904.01,"N/A",1901.06,1951.26,1892.7,58.5599999999999,0.117995360761812
"94","02/17/2021",1898.89,"N/A",1738.69,1916.3,1849.05,67.25,0.135677369470557
"95","02/16/2021",1740.05,"N/A",1812.81,1785.72,1734.15,51.5699999999999,0.103772433158344
"96","02/15/2021",1811.57,"N/A",1722.58,1827.07,1746.05,81.02,0.16369592642331
"97","02/14/2021",1710.87,"N/A",1815.38,1811.64,1661.09,150.55,0.305172343629187
"98","02/13/2021",1812.56,"N/A",1863.1,1843.13,1803.1,40.0300000000002,0.0802913767142804
"99","02/12/2021",1859.33,"N/A",1750.21,1871.36,1840.72,30.6399999999999,0.0611850404915963
"100","02/11/2021",1745.83,"N/A",1722.42,1806.86,1741.04,65.8199999999999,0.132767671834941
"101","02/10/2021",1722.27,"N/A",1787.5,1746.32,1704.97,41.3499999999999,0.0829772514548487
"102","02/09/2021",1787.21,"N/A",1735.72,1824,1760.05,63.95,0.128962682619135
"103","02/08/2021",1739.05,"N/A",1618.84,1765.88,1711.4,54.48,0.109693566109144
"104","02/07/2021",1615.97,"N/A",1606.98,1629.25,1566.43,62.8199999999999,0.12666341106092
"105","02/06/2021",1588.25,"N/A",1672.02,1692.29,1588.25,104.04,0.210535954095959
"106","02/05/2021",1680.93,"N/A",1635.47,1742.9,1651.54,91.3600000000001,0.184735278557767
"107","02/04/2021",1634.08,"N/A",1661.46,1651.61,1589.28,62.3299999999999,0.125666381801164
"108","02/03/2021",1659.29,"N/A",1552.97,1693.64,1635.72,57.9200000000001,0.116693118463354
"109","02/02/2021",1554.28,"N/A",1381.14,1560.3,1510.27,50.03,0.100638912627681
"110","02/01/2021",1381.97,"N/A",1315.29,1410.06,1361.63,48.4299999999998,0.0973833068815364
"111","01/31/2021",1318.04,"N/A",1361.22,1329.6,1272.09,57.51,0.115858869490905
"112","01/30/2021",1357.97,"N/A",1343.06,1380.04,1352.46,27.5799999999999,0.0549586945020957
"113","01/29/2021",1346.21,"N/A",1306.37,1405.78,1327.66,78.1199999999999,0.157795141008424
"114","01/28/2021",1305.36,"N/A",1283.04,1373.56,1288.26,85.3,0.172404671794246
"115","01/27/2021",1279.75,"N/A",1311.55,1291.83,1221.15,70.6799999999998,0.142656574288853
"116","01/26/2021",1306.99,"N/A",1341.04,1372.31,1299.62,72.6900000000001,0.146746429007447
"117","01/25/2021",1330.64,"N/A",1423.2,1377.94,1299.52,78.4200000000001,0.158405567085826
"118","01/24/2021",1416.87,"N/A",1320.61,1474.68,1386.17,88.51,0.178936230822448
"119","01/23/2021",1314.48,"N/A",1248.22,1315.63,1222.14,93.49,0.189069303707321
"120","01/22/2021",1246.4,"N/A",1158.45,1250.31,1207.41,42.8999999999999,0.0861311195214257
"121","01/21/2021",1154.44,"N/A",1288.75,1185.94,1045.02,140.92,0.285577666544582
"122","01/20/2021",1299.96,"N/A",1357.1,1387.39,1294.54,92.8500000000001,0.187767061408864
"123","01/19/2021",1359.85,"N/A",1305.16,1406.56,1321.61,84.95,0.171692508037277
"124","01/18/2021",1310.45,"N/A",1202.37,1344.01,1252.36,91.6500000000001,0.185325357099256
"125","01/17/2021",1197.31,"N/A",1224.31,1246.47,1184.15,62.3199999999999,0.12564603426525
"126","01/16/2021",1235.13,"N/A",1181.16,1257.81,1202.47,55.3399999999999,0.111443454197697
"127","01/15/2021",1178.3,"N/A",1208.32,1197.51,1158.33,39.1800000000001,0.078561836161641
"128","01/14/2021",1215,"N/A",1108.45,1256.13,1203.63,52.5,0.105664753998291
"129","01/13/2021",1106.15,"N/A",1024.1,1144.05,1088.52,55.53,0.111830057380051
"130","01/12/2021",1021.17,"N/A",1097.37,1058.07,990.96,67.1099999999999,0.135392503967769
"131","01/11/2021",1085.9,"N/A",1118.53,1101.03,1042.16,58.8699999999999,0.118626134375127
"132","01/10/2021",1117.54,"N/A",1318.94,1257.3,1026.35,230.95,0.46876653237293
"133","01/09/2021",1322.28,"N/A",1220.04,1340.14,1275.87,64.2700000000002,0.129613803768364
"134","01/08/2021",1221.03,"N/A",1169.55,1233.44,1172.39,61.05,0.123061897204249
"135","01/07/2021",1170.08,"N/A",1210.66,1230.75,1069.25,161.5,0.327452895454361
"136","01/06/2021",1211.33,"N/A",1116.23,1223.43,1181.5,41.9300000000001,0.0841574085378263
"137","01/05/2021",1115.89,"N/A",1004.08,1132.76,1060.67,72.0899999999999,0.145525576852643
"138","01/04/2021",1024.04,"N/A",1027.21,1131.56,990.8,140.76,0.285252105969967
"139","01/03/2021",1020.94,"N/A",778.07,1033,956.6,76.4,0.154295364831319
"140","01/02/2021",774.3,"N/A",729.11,781.35,769.57,11.78,0.0228095877589224
"141","01/01/2021",729.49,"N/A",742.54,733.28,715.15,18.13,0.035730273063932
"142","12/31/2020",742.94,"N/A",742.62,748.96,730.02,18.9400000000001,0.0373784234729176
"143","12/30/2020",741.69,"N/A",730.27,755.13,730.13,25,0.0497090302364384
"144","12/29/2020",729.47,"N/A",703.67,747.11,726.12,20.99,0.0415496683351647
"145","12/28/2020",700.79,"N/A",704.72,739.77,690.24,49.53,0.0996215358320107
"146","12/27/2020",704.46,"N/A",643.33,718.1,682.47,35.63,0.0713384609123836
"147","12/26/2020",643.1,"N/A",630.08,652.1,635.4,16.7,0.0328205754283158
"148","12/25/2020",632.16,"N/A",609.3,636.76,621.49,15.27,0.0299108777926993
"149","12/24/2020",608.98,"N/A",574.9,615.54,605.01,10.53,0.0202661457697473
"150","12/23/2020",577.76,"N/A",623.18,586.67,566.15,20.52,0.0405933341472348
"151","12/22/2020",619.31,"N/A",610.04,638.11,618.36,19.75,0.0390265738819029
"152","12/21/2020",611.52,"N/A",644.99,615.04,602.33,12.7099999999999,0.0247019085988685
"153","12/20/2020",644.66,"N/A",646.44,647.87,634.71,13.16,0.0256175477149717
"154","12/19/2020",647.33,"N/A",655.28,657.96,641.43,16.5300000000001,0.032474667317788
"155","12/18/2020",654.9,"N/A",643.49,659.56,645.91,13.65,0.0266145769747283
"156","12/17/2020",645.76,"N/A",637.49,653.77,630.44,23.3299999999999,0.0463109917389003
"157","12/16/2020",639.81,"N/A",583.43,651.74,635.64,16.1,0.0315997232735117
"158","12/15/2020",584.1,"N/A",583.61,589.15,580.9,8.25,0.0156269075814919
"159","12/14/2020",589.41,"N/A",585.49,596.97,585.65,11.3200000000001,0.0218736011069061
"160","12/13/2020",584.53,"N/A",567.72,591.41,582.3,9.11000000000001,0.0173767956700444
"161","12/12/2020",568.16,"N/A",553.72,569.55,563.37,6.17999999999995,0.0114149676474178
"162","12/11/2020",553.73,"N/A",545.86,555.89,543.99,11.9,0.0230537581898832
"163","12/10/2020",545.75,"N/A",567.5,560.28,541.11,19.17,0.0378464167989256
"164","12/09/2020",568.12,"N/A",547.55,575.56,565.12,10.4399999999999,0.0200830179465266
"165","12/08/2020",549.8,"N/A",589.5,556.38,543.13,13.25,0.0258006755381924
"166","12/07/2020",589.53,"N/A",596.36,591.33,586.6,4.73000000000002,0.00846457493997482
"167","12/06/2020",595.05,"N/A",598.9,603.06,591.66,11.4,0.0220363813942131
"168","12/05/2020",599.63,"N/A",579.17,606.9,595.09,11.8099999999999,0.0228706303666625
"169","12/04/2020",579.52,"N/A",605.84,579.85,561.24,18.61,0.0367069547877753
"170","12/03/2020",605.8,"N/A",593.14,619.61,601.18,18.4300000000001,0.0363406991413341
"171","12/02/2020",594,"N/A",582.37,599.92,589.22,10.6999999999999,0.020612053880275
"172","12/01/2020",582.44,"N/A",604.17,597.12,575.24,21.88,0.0433605990314573
"173","11/30/2020",606.09,"N/A",584.88,616.78,602.58,14.1999999999999,0.0277336914499653
"174","11/29/2020",584.4,"N/A",539.07,592.92,575.35,17.5699999999999,0.0345908110527814
"175","11/28/2020",541.13,"N/A",512.77,543.58,530.71,12.87,0.0250274691734831
"176","11/27/2020",511.77,"N/A",520.06,520.26,509.83,10.43,0.0200626704106133
"177","11/26/2020",520.17,"N/A",526.88,530.41,515.15,15.26,0.0298905302567859
"178","11/25/2020",526.94,"N/A",581.9,577.08,512.11,64.97,0.131038131282302
"179","11/24/2020",586.46,"N/A",618.55,605.63,581.44,24.1899999999999,0.0480608798274528
"180","11/23/2020",618.57,"N/A",580.95,619.86,600.53,19.33,0.0381719773735402
"181","11/22/2020",580.38,"N/A",546.95,585.44,551.8,33.6400000000001,0.067289301265617
"182","11/21/2020",546.66,"N/A",505.18,560.15,538.25,21.9,0.0434012941032841
"183","11/20/2020",506.03,"N/A",486.32,518.09,505.23,12.86,0.0250071216375697
"184","11/19/2020",487.04,"N/A",476.23,487.97,471.06,16.91,0.0332478736824971
"185","11/18/2020",476.65,"N/A",493.69,480.55,474.41,6.13999999999999,0.0113335775037643
"186","11/17/2020",492.79,"N/A",461.77,495.04,481.87,13.17,0.0256378952508852
"187","11/16/2020",465.31,"N/A",449.61,468.45,459.74,8.70999999999998,0.0165628942335083
"188","11/15/2020",449.43,"N/A",457.92,451.24,445.82,5.42000000000002,0.00986855491799948
"189","11/14/2020",458.82,"N/A",471.38,462.93,456.64,6.29000000000002,0.0116387905424654
"190","11/13/2020",468.91,"N/A",463.79,477.34,468.01,9.32999999999998,0.0178244414601392
"191","11/12/2020",463.56,"N/A",457.96,466.8,461.31,5.49000000000001,0.0100109876693933
"192","11/11/2020",458.7,"N/A",462.97,464.08,452.65,11.43,0.0220974240019534
"193","11/10/2020",460.3,"N/A",450.95,466.08,449.51,16.57,0.0325560574614414
"194","11/09/2020",451.7,"N/A",451.96,451.7,439.5,12.2,0.0236641842672852
"195","11/08/2020",451.3,"N/A",438.08,457.6,449.28,8.32000000000005,0.0157693403328858
"196","11/07/2020",439.91,"N/A",458.73,443.06,432.44,10.62,0.0204492735929679
"197","11/06/2020",457.44,"N/A",429.4,467.88,454.78,13.1,0.0254954624994914
"198","11/05/2020",429.42,"N/A",403.07,440.91,415.08,25.83,0.0513978757172508
"199","11/04/2020",403.94,"N/A",385.62,406.22,400.59,5.63000000000005,0.010295853172181
"200","11/03/2020",385.66,"N/A",374.34,388.39,381.27,7.12,0.0133276360232776
"201","11/02/2020",374.33,"N/A",398.31,385.08,370.96,14.12,0.0275709111626582
"202","11/01/2020",397.5,"N/A",385.9,404.04,396.24,7.80000000000001,0.0147112684653889
"203","10/31/2020",386.96,"N/A",383.02,390.08,385.37,4.70999999999998,0.00842387986814794
"204","10/30/2020",382.13,"N/A",384.85,387.63,380.53,7.10000000000002,0.0132869409514508
"205","10/29/2020",385.39,"N/A",391.26,391.98,383.6,8.38,0.0158914255483661
"206","10/28/2020",390.06,"N/A",405.9,392.04,387.82,4.22000000000003,0.0074268506083914
"207","10/27/2020",406.19,"N/A",392.5,408.1,402.95,5.15000000000003,0.00931917144833769
"208","10/26/2020",392.37,"N/A",408.94,395.3,391.93,3.37,0.00569731005575227
"209","10/25/2020",408.61,"N/A",414.83,410.41,403.76,6.65000000000003,0.0123713018353478
"210","10/24/2020",415.04,"N/A",412.13,416.1,410.45,5.65000000000003,0.0103365482440077
"211","10/23/2020",412.14,"N/A",413.25,413.52,407.74,5.77999999999997,0.0106010662108818
"212","10/22/2020",413.28,"N/A",393.13,415.07,410.5,4.56999999999999,0.00813901436536036
"213","10/21/2020",393.07,"N/A",378.12,397.63,391.21,6.42000000000002,0.0119033085093396
"214","10/20/2020",378.6,"N/A",379.83,378.82,368.06,10.76,0.0207341390957555
"215","10/19/2020",379.95,"N/A",372.87,380.14,377.68,2.45999999999998,0.00384568428763274
"216","10/18/2020",373.64,"N/A",368.27,379.42,373.13,6.29000000000002,0.0116387905424654
"217","10/17/2020",368.52,"N/A",368.37,370.26,367.54,2.71999999999997,0.00437472022138115
"218","10/16/2020",367.51,"N/A",377.86,368.28,363.18,5.09999999999997,0.00921743376877055
"219","10/15/2020",377.24,"N/A",376.66,379.6,375.9,3.70000000000005,0.00636877874089459
"220","10/14/2020",376.75,"N/A",382.14,379.2,375.44,3.75999999999999,0.00649086395637488
"221","10/13/2020",382.98,"N/A",383.02,384.8,380.71,4.09000000000003,0.00716233264151719
"222","10/12/2020",383.73,"N/A",373.89,387.06,382.33,4.73000000000002,0.00846457493997482
"223","10/11/2020",374.08,"N/A",370.63,375.16,372.56,2.60000000000002,0.00413054979042044
"224","10/10/2020",370.46,"N/A",373.49,372.99,369.37,3.62,0.0062059984535873
"225","10/09/2020",376.76,"N/A",350.82,377.97,364.57,13.4,0.0261058885768934
"226","10/08/2020",350.34,"N/A",339.16,351.32,348.29,3.02999999999997,0.00500549383469658
"227","10/07/2020",339.24,"N/A",338.39,341.94,338.4,3.54000000000002,0.00604321816628012
"228","10/06/2020",337.78,"N/A",353.55,340.61,334.11,6.5,0.0120660887966467
"229","10/05/2020",353.76,"N/A",354.22,354.73,351.95,2.78000000000003,0.00449680543686167
"230","10/04/2020",351.76,"N/A",345.69,354.86,351.29,3.56999999999999,0.00610426077402027
"231","10/03/2020",345.86,"N/A",345.71,347.34,344.03,3.31,0.00557522484027186
"232","10/02/2020",348.24,"N/A",352.83,348.69,343.74,4.94999999999999,0.00891222073006958
"233","10/01/2020",352.13,"N/A",362.24,353.61,350.18,3.43000000000001,0.00581939527123268
"234","09/30/2020",362.29,"N/A",355.75,363.36,358.78,4.58000000000004,0.00815936190127386
"235","09/29/2020",355.89,"N/A",353.67,359.91,355.35,4.56,0.00811866682944698
"236","09/28/2020",353.32,"N/A",357.82,355.46,352.09,3.37,0.00569731005575227
"237","09/27/2020",358.32,"N/A",359.3,360.18,357.42,2.75999999999999,0.00445611036503479
"238","09/26/2020",358.88,"N/A",351.51,361.61,353.87,7.74000000000001,0.0145891832499085
"239","09/25/2020",351.83,"N/A",345.1,353.51,350.21,3.30000000000001,0.00555487730435848
"240","09/24/2020",345.97,"N/A",325.05,349.83,345.92,3.90999999999997,0.00679607699507585
"241","09/23/2020",324.78,"N/A",341.64,326.04,317.27,8.77000000000004,0.0166849794489888
"242","09/22/2020",341.82,"N/A",343.16,344.12,341.17,2.94999999999999,0.0048427135473894
"243","09/21/2020",343.17,"N/A",374.93,344.9,338.28,6.62,0.0123102592276076
"244","09/20/2020",374.19,"N/A",381.75,375.34,369.19,6.14999999999998,0.0113539250396777
"245","09/19/2020",381.83,"N/A",383.11,385.39,379.75,5.63999999999999,0.0103162007080942
"246","09/18/2020",382.35,"N/A",387.56,385.28,381.61,3.66999999999996,0.00630773613315421
"247","09/17/2020",387.14,"N/A",376.93,392.21,385.88,6.32999999999998,0.0117201806861189
"248","09/16/2020",378.77,"N/A",359.19,384.4,363.54,20.86,0.0412851503682903
"249","09/15/2020",358.9,"N/A",376.16,364.57,355.18,9.38999999999999,0.0179465266756196
"250","09/14/2020",376.13,"N/A",366.05,381.67,374.64,7.03000000000003,0.0131445082000571
"251","09/13/2020",366.36,"N/A",388.89,367.44,357.54,9.89999999999998,0.018984251007203
"252","09/12/2020",388.62,"N/A",369.51,388.72,383.16,5.56,0.0101534204207871
"253","09/11/2020",369.38,"N/A",357.81,374,368.61,5.38999999999999,0.00980751231025922
"254","09/10/2020",358.29,"N/A",369.82,371.54,358.12,13.42,0.0261465836487202
"255","09/09/2020",369.47,"N/A",333.96,370.46,350.86,19.6,0.0387213608432019
"256","09/08/2020",332.83,"N/A",349.24,340.86,331.12,9.74000000000001,0.0186586904325887
"257","09/07/2020",349.48,"N/A",347.11,355.69,347.39,8.30000000000001,0.0157286452610589
"258","09/06/2020",346.55,"N/A",328.44,357.33,345.03,12.3,0.0238676596264193
"259","09/05/2020",329.17,"N/A",387.29,342.19,323.09,19.1,0.0377039840475319
"260","09/04/2020",388.18,"N/A",384.69,394.12,384.88,9.24000000000001,0.0176413136369186
"261","09/03/2020",384.74,"N/A",442.75,390.96,376.73,14.23,0.0277947340577056
"262","09/02/2020",441.27,"N/A",470.06,466.4,438.08,28.32,0.0564644121596875
"263","09/01/2020",471.57,"N/A",443.41,478.8,465.98,12.82,0.0249257314939161
"264","08/31/2020",443.36,"N/A",425.2,443.81,429.65,14.16,0.0276523013063119
"265","08/30/2020",425.51,"N/A",404.83,429.88,424.19,5.69,0.0104179383876613
"266","08/29/2020",404.93,"N/A",394.66,406.78,398.47,8.30999999999995,0.0157489927969722
"267","08/28/2020",394.52,"N/A",387.45,395.89,391.97,3.91999999999996,0.00681642453098923
"268","08/27/2020",386.73,"N/A",384.4,388.55,379.8,8.75,0.0166442843771619
"269","08/26/2020",384.65,"N/A",386.21,389.15,383.04,6.10999999999996,0.011272534896024
"270","08/25/2020",384.69,"N/A",401.46,387.7,377.69,10.01,0.0192080739022504
"271","08/24/2020",402.08,"N/A",393.04,409.02,400.64,8.38,0.0158914255483661
"272","08/23/2020",392.81,"N/A",390.15,393.89,387.62,6.26999999999998,0.0115980954706385
"273","08/22/2020",389.87,"N/A",385.71,396.96,388.81,8.14999999999998,0.0154234322223578
"274","08/21/2020",384.91,"N/A",415.93,388.19,379.96,8.23000000000002,0.0155862125096651
"275","08/20/2020",414.28,"N/A",407.19,418.72,409.83,8.89000000000004,0.0169291498799496
"276","08/19/2020",408.02,"N/A",415.82,415.16,406.65,8.51000000000005,0.0161559435152404
"277","08/18/2020",417.19,"N/A",429.88,426.65,416.35,10.3,0.019798152443739
"278","08/17/2020",429.52,"N/A",425.82,433.65,428.13,5.51999999999998,0.0100720302771334
"279","08/16/2020",426.95,"N/A",426.54,434.85,421.98,12.87,0.0250274691734831
"280","08/15/2020",427.6,"N/A",439.2,433.11,424.2,8.91000000000003,0.0169698449517764
"281","08/14/2020",438.73,"N/A",421.08,442.7,435.82,6.88,0.012839295161356
"282","08/13/2020",421.53,"N/A",394.5,429.93,418.37,11.56,0.0223619419688276
"283","08/12/2020",393.41,"N/A",377.14,394.67,386.56,8.11000000000001,0.0153420420787043
"284","08/11/2020",376.63,"N/A",394.25,380.49,372.66,7.82999999999998,0.014772311073129
"285","08/10/2020",393.84,"N/A",397.07,398.13,393.28,4.85000000000002,0.00870874537093564
"286","08/09/2020",397.7,"N/A",395.01,398.07,390.17,7.89999999999998,0.0149147438245228
"287","08/08/2020",395.53,"N/A",378.31,399.93,393.6,6.32999999999998,0.0117201806861189
"288","08/07/2020",378.28,"N/A",395.62,382.67,376.38,6.29000000000002,0.0116387905424654
"289","08/06/2020",395.91,"N/A",395.64,398.14,394.04,4.09999999999997,0.00718268017743046
"290","08/05/2020",395.63,"N/A",389.24,403.18,394.91,8.26999999999998,0.0156676026533187
"291","08/04/2020",388.81,"N/A",390.94,391.89,384.84,7.05000000000001,0.0131852032718838
"292","08/03/2020",389.43,"N/A",379.28,402.01,385.86,16.15,0.0317014609530786
"293","08/02/2020",380.44,"N/A",407.19,385.66,368.46,17.2,0.0338379522239858
"294","08/01/2020",404.77,"N/A",352.16,404.81,386.07,18.74,0.0369714727546495
"295","07/31/2020",352.68,"N/A",329.05,352.68,343.33,9.35000000000002,0.017865136531966
"296","07/30/2020",330.22,"N/A",316.24,336.35,329.05,7.30000000000001,0.0136938916697188
"297","07/29/2020",316.67,"N/A",316.51,319.4,315.62,3.77999999999997,0.00653155902820165
"298","07/28/2020",316.34,"N/A",319.14,318.81,312.64,6.17000000000002,0.0113946201115045
"299","07/27/2020",318.05,"N/A",325.15,326.53,316.3,10.23,0.0196557196923452
"300","07/26/2020",326.49,"N/A",302.84,329.05,311.04,18.01,0.0354861026329712
"301","07/25/2020",302.96,"N/A",282.83,305.32,300.33,4.99000000000001,0.00899361087372323
"302","07/24/2020",283.36,"N/A",272.94,284.35,279.33,5.02000000000004,0.00905465348146349
"303","07/23/2020",273.22,"N/A",263.85,275.31,272.16,3.14999999999998,0.0052496642656574
"304","07/22/2020",263.83,"N/A",244.47,265.51,262.57,2.94,0.00482236601147602
"305","07/21/2020",244.56,"N/A",237.07,245.66,243.51,2.15000000000001,0.00321491067431737
"306","07/20/2020",237.03,"N/A",238.69,237.5,235.67,1.83000000000001,0.00256378952508855
"307","07/19/2020",238.71,"N/A",235.13,239.71,237.8,1.91,0.00272656981239573
"308","07/18/2020",235.17,"N/A",232.99,236.29,234.77,1.51999999999998,0.00193301591177306
"309","07/17/2020",232.96,"N/A",233.17,233.36,232.4,0.960000000000008,0.000793553900622665
"310","07/16/2020",232.91,"N/A",238.48,234.44,232.8,1.63999999999999,0.00217718634273388
"311","07/15/2020",238.47,"N/A",239.33,239.47,237.98,1.49000000000001,0.00187197330403292
"312","07/14/2020",239.75,"N/A",238.77,241.36,239.75,1.61000000000001,0.00211614373499374
"313","07/13/2020",238.97,"N/A",241.71,240.21,238.52,1.69,0.00227892402230091
"314","07/12/2020",241.69,"N/A",240.84,243.55,241.25,2.30000000000001,0.00352012371301839
"315","07/11/2020",240.9,"N/A",240.55,241.37,239.09,2.28,0.00347942864119157
"316","07/10/2020",240.46,"N/A",240.54,241.64,240.25,1.38999999999999,0.00166849794489886
"317","07/09/2020",240.12,"N/A",244.79,242.17,239.99,2.17999999999998,0.00327595328205751
"318","07/08/2020",244.8,"N/A",241.91,246.96,243.33,3.63,0.00622634598950068
"319","07/07/2020",241.49,"N/A",239.42,242.28,238,4.28,0.00754893582387175
"320","07/06/2020",239.58,"N/A",227.89,243.43,238.17,5.26000000000002,0.00954299434338507
"321","07/05/2020",227.83,"N/A",228.13,228.64,227.1,1.53999999999999,0.00197371098359988
"322","07/04/2020",228.27,"N/A",226.27,229.8,227.81,1.99000000000001,0.00288935009970296
"323","07/03/2020",226.29,"N/A",226.48,226.89,224.8,2.08999999999997,0.0030928254588369
"324","07/02/2020",228.34,"N/A",227.57,232.04,227.94,4.09999999999999,0.00718268017743052
"325","07/01/2020",231.06,"N/A",225.45,232.04,230.62,1.41999999999999,0.00172954055263906
"326","06/30/2020",225.16,"N/A",227.02,225.93,224.33,1.59999999999999,0.00209579619908029
"327","06/29/2020",227.17,"N/A",224.69,228.57,226.95,1.62,0.00213649127090712
"328","06/28/2020",224.63,"N/A",219.27,226.72,224.29,2.43000000000001,0.00378464167989259
"329","06/27/2020",219.27,"N/A",229.75,221.04,218.54,2.5,0.00392707443128639
"330","06/26/2020",229.74,"N/A",232.36,230.06,228.77,1.28999999999999,0.00146502258576486
"331","06/25/2020",232.61,"N/A",229.67,233.5,231.23,2.27000000000001,0.00345908110527819
"332","06/24/2020",228.94,"N/A",245.37,235.29,227.99,7.29999999999998,0.0136938916697188
"333","06/23/2020",244.92,"N/A",242.72,245.91,242.97,2.94,0.00482236601147602
"334","06/22/2020",242.79,"N/A",234.25,244.67,240.94,3.72999999999999,0.00642982134863468
"335","06/21/2020",234.19,"N/A",229.73,234.47,227.69,6.78,0.012635819802222
"336","06/20/2020",229.57,"N/A",230.37,230.21,228.75,1.46000000000001,0.00181093069629271
"337","06/19/2020",230.19,"N/A",227.79,230.96,228.78,2.18000000000001,0.00327595328205757
"338","06/18/2020",227.44,"N/A",233.63,231.51,226.97,4.53999999999999,0.00807797175762015
"339","06/17/2020",233.84,"N/A",233.11,234.69,233.07,1.62,0.00213649127090712
"340","06/16/2020",233.19,"N/A",233.23,235.64,232.34,3.29999999999998,0.00555487730435842
"341","06/15/2020",233.07,"N/A",225.95,233.66,228.99,4.66999999999999,0.00834248972449436
"342","06/14/2020",236.66,"N/A",235.65,238.48,234.14,4.34,0.00767102103935216
"343","06/13/2020",237.64,"N/A",235.72,238.48,237.39,1.09,0.00105807186749687
"344","06/12/2020",236.04,"N/A",233.6,237.92,235.82,2.09999999999999,0.00311317299475034
"345","06/11/2020",233.66,"N/A",248.21,234.19,228.62,5.56999999999999,0.0101737679567004
"346","06/10/2020",248.2,"N/A",243.89,249.77,247.81,1.96000000000001,0.00282830749196275
"347","06/09/2020",243.92,"N/A",243.19,244.71,243.49,1.22,0.00132258983437107
"348","06/08/2020",243.28,"N/A",244.09,249.45,240.18,9.26999999999998,0.0177023562446588
"349","06/07/2020",244.05,"N/A",243,245.15,243.25,1.90000000000001,0.00270622227648234
"350","06/06/2020",243.32,"N/A",240.57,244.05,240.63,3.42000000000002,0.0057990477353193
"351","06/05/2020",240.14,"N/A",243.11,241.36,238.38,2.98000000000002,0.00490375615512967
"352","06/04/2020",240.3,"N/A",238.05,246.41,238.5,7.91,0.0149350913604363
"353","06/03/2020",245.73,"N/A",235.81,246.41,243.31,3.09999999999999,0.00514792658609043
"354","06/02/2020",235.9,"N/A",247.23,238.6,235.43,3.16999999999999,0.00529035933748422
"355","06/01/2020",247.23,"N/A",238.77,248.75,245.8,2.94999999999999,0.0048427135473894
"356","05/31/2020",238.07,"N/A",232.45,245.33,235.85,9.48000000000002,0.0181296544988402
"357","05/30/2020",237.53,"N/A",222.64,245.33,235.85,9.48000000000002,0.0181296544988402
"358","05/29/2020",221.75,"N/A",221.71,221.75,218.86,2.88999999999999,0.00472062833190899
"359","05/28/2020",222.01,"N/A",206.43,224.52,220.12,4.40000000000001,0.00779310625483257
"360","05/27/2020",206.57,"N/A",201.73,208.61,206.36,2.25,0.00341838603345136
"361","05/26/2020",201.9,"N/A",204.52,202.35,200.85,1.5,0.0018923208399463
"362","05/25/2020",204.6,"N/A",202.37,204.9,202.85,2.05000000000001,0.00301143531518337
"363","05/24/2020",202.06,"N/A",208.59,203.14,198.57,4.56999999999999,0.00813901436536036
"364","05/23/2020",208.86,"N/A",209.86,209.63,206.07,3.56,0.00608391323810689
"365","05/22/2020",209.51,"N/A",197.45,211.03,207.35,3.68000000000001,0.00632808366906771
"366","05/21/2020",197.56,"N/A",209.28,199.9,196.68,3.22,0.00539209701705125
"367","05/20/2020",209.37,"N/A",213.01,211.58,209.23,2.35000000000002,0.00362186139258542
"368","05/19/2020",212.74,"N/A",210.38,214.65,212.61,2.03999999999999,0.00299108777926993
"369","05/18/2020",210.16,"N/A",215.04,215,210.16,4.84,0.0086883978350222
"370","05/17/2020",215.15,"N/A",201.48,215.99,207.01,8.98000000000002,0.0171122777031702
"371","05/16/2020",201.79,"N/A",198.65,202.48,199.77,2.70999999999998,0.00435437268546776
"372","05/15/2020",198.82,"N/A",199.58,199.68,193.48,6.20000000000002,0.0114556627192448
"373","05/14/2020",199.95,"N/A",199.12,204.02,197.65,6.37,0.0118015708297725
"374","05/13/2020",198.74,"N/A",190.8,200.78,196.91,3.87,0.00671468685142232
"375","05/12/2020",190.82,"N/A",188.49,191.38,189.42,1.96000000000001,0.00282830749196275
"376","05/11/2020",188.47,"N/A",188.6,189.12,185.72,3.40000000000001,0.00575835266349248
"377","05/10/2020",188.4,"N/A",212.72,210.19,183.15,27.04,0.0538599275627722
"378","05/09/2020",186.4,"N/A",213.81,210.19,183.15,27.04,0.0538599275627722
"379","05/08/2020",213.52,"N/A",213.12,214.5,209.67,4.83000000000001,0.00866805029910882
"380","05/07/2020",213,"N/A",206,216.44,211.21,5.22999999999999,0.00948195173564481
"381","05/06/2020",205.67,"N/A",206.76,207.92,197.36,10.56,0.0203271883774875
"382","05/05/2020",207.47,"N/A",206.07,208.74,202.21,6.53,0.012127131404387
"383","05/04/2020",206.33,"N/A",203.61,208.53,205,3.53,0.00602287063036668
"384","05/03/2020",203.96,"N/A",216.77,210.63,202.35,8.28,0.0156879501892321
"385","05/02/2020",218.05,"N/A",212.18,218.74,213.61,5.13,0.00927847637651081
"386","05/01/2020",213.24,"N/A",209.97,213.37,211.25,2.12,0.00315386806657716
"387","04/30/2020",208.09,"N/A",218.64,210.29,206.06,4.22999999999999,0.00744719814430472
"388","04/29/2020",224.41,"N/A",198.04,224.41,214.36,10.05,0.019289464045904
"389","04/28/2020",198.21,"N/A",194.06,199.14,196.45,2.69,0.004313677613641
"390","04/27/2020",194.22,"N/A",197.78,196.21,192.65,3.56,0.00608391323810689
"391","04/26/2020",197.28,"N/A",194.67,198.8,196.69,2.11000000000001,0.00313352053066378
"392","04/25/2020",194.47,"N/A",186.78,195.32,193.66,1.66,0.0022178814145607
"393","04/24/2020",187.29,"N/A",188.42,187.67,186.03,1.63999999999999,0.00217718634273388
"394","04/23/2020",188.19,"N/A",183.93,189.03,185.19,3.84,0.00665364424368211
"395","04/22/2020",183.93,"N/A",171.64,186.5,181.47,5.03,0.00907500101737682
"396","04/21/2020",171.14,"N/A",171.14,172.04,169.93,2.10999999999999,0.00313352053066372
"397","04/20/2020",171.69,"N/A",183.41,173.5,169.85,3.65000000000001,0.0062670410613275
"398","04/19/2020",183.88,"N/A",187.28,184.16,178.9,5.25999999999999,0.00954299434338502
"399","04/18/2020",187.02,"N/A",173.34,188.23,184.82,3.41,0.00577870019940586
"400","04/17/2020",172.71,"N/A",170.96,173.95,170.61,3.33999999999997,0.00563626744801201
"401","04/16/2020",171.42,"N/A",153.09,173.14,170.19,2.94999999999999,0.0048427135473894
"402","04/15/2020",153.08,"N/A",159.8,153.55,148.91,4.64000000000001,0.00828144711675421
"403","04/14/2020",160.06,"N/A",157.44,160.13,155.94,4.19,0.00736580800065113
"404","04/13/2020",157.98,"N/A",153.94,158.35,155.52,2.82999999999998,0.00459854311642858
"405","04/12/2020",152.56,"N/A",156.91,158.76,150.6,8.16,0.0154437797582713
"406","04/11/2020",155.9,"N/A",159.81,159.36,155.75,3.61000000000001,0.00618565091767391
"407","04/10/2020",159.77,"N/A",168.29,160.36,157.75,2.61000000000001,0.00415089732633382
"408","04/09/2020",163.45,"N/A",170.21,170.1,163.22,6.88,0.012839295161356
"409","04/08/2020",170.26,"N/A",168.76,173.18,169.87,3.31,0.00557522484027186
"410","04/07/2020",172.2,"N/A",169.92,172.85,163.73,9.12,0.0173971432059578
"411","04/06/2020",170.57,"N/A",143.6,175.78,167.58,8.19999999999999,0.0155251699019249
"412","04/05/2020",144.01,"N/A",144.46,144.55,142.55,2,0.00290969763561634
"413","04/04/2020",143.9,"N/A",139.92,145.26,143.44,1.81999999999999,0.00254344198917511
"414","04/03/2020",140,"N/A",142.26,142.02,139.36,2.66,0.00425263500590079
"415","04/02/2020",141.99,"N/A",136.22,142.7,140.42,2.28,0.00347942864119157
"416","04/01/2020",135.73,"N/A",132.48,137.93,135.26,2.67000000000002,0.00427298254181423
"417","03/31/2020",132.84,"N/A",133,133.4,131.27,2.13,0.00317421560249054
"418","03/30/2020",132.45,"N/A",127.01,134,131.14,2.86000000000001,0.00465958572416885
"419","03/29/2020",126.85,"N/A",130.02,127.45,125.02,2.43000000000001,0.00378464167989259
"420","03/28/2020",130.17,"N/A",126.5,131.74,129.26,2.48000000000002,0.00388637935945962
"421","03/27/2020",126.5,"N/A",139.26,132.3,125.48,6.82000000000001,0.0127172099458756
"422","03/26/2020",139.27,"N/A",137.06,140.99,137.95,3.04000000000002,0.00502584137061008
"423","03/25/2020",136.84,"N/A",136.25,137.85,135.32,2.53,0.00398811703902659
"424","03/24/2020",136.54,"N/A",134.12,141.1,135.35,5.75,0.0105400236031417
"425","03/23/2020",134.7,"N/A",125.33,136.74,134.39,2.35000000000002,0.00362186139258542
"426","03/22/2020",125.4,"N/A",135.91,125.95,120.2,5.75,0.0105400236031417
"427","03/21/2020",135.56,"N/A",134.12,135.76,130.75,5.00999999999999,0.00903430594554999
"428","03/20/2020",133.26,"N/A",133.78,137.33,129.92,7.41000000000003,0.0139177145647663
"429","03/19/2020",133.81,"N/A",116.03,138.58,132.74,5.84,0.0107231514263623
"430","03/18/2020",116.18,"N/A",116.98,119.21,115.61,3.59999999999999,0.00616530338176047
"431","03/17/2020",116.84,"N/A",117.45,117.36,115.24,2.12,0.00315386806657716
"432","03/16/2020",117.36,"N/A",122.51,120.6,109.67,10.93,0.0210800472062833
"433","03/15/2020",122.03,"N/A",121.2,124.38,120.77,3.61,0.00618565091767389
"434","03/14/2020",121.21,"N/A",133.4,123.75,120.93,2.81999999999999,0.0045781955805152
"435","03/13/2020",133.74,"N/A",124.09,134.58,129.72,4.86000000000001,0.00872909290684903
"436","03/12/2020",124.23,"N/A",183.27,137.06,88.5,48.56,0.0976478248484109
"437","03/11/2020",182.97,"N/A",201.72,195.4,182.95,12.45,0.0241728726651203
"438","03/10/2020",201.6,"N/A",202.36,202.96,200.1,2.86000000000001,0.00465958572416885
"439","03/09/2020",202.58,"N/A",201.43,204.6,200.13,4.47,0.00793553900622636
"440","03/08/2020",200.89,"N/A",231.65,206.62,198.25,8.37,0.0158710780124527
"441","03/07/2020",231.68,"N/A",243.09,237.3,229.75,7.55000000000001,0.0142025800675539
"442","03/06/2020",243.19,"N/A",229.11,245.85,242.39,3.46000000000001,0.00588043787897289
"443","03/05/2020",229.17,"N/A",226.72,230.69,227.71,2.97999999999999,0.00490375615512961
"444","03/04/2020",224.23,"N/A",228.6,228.66,221.74,6.91999999999999,0.0129206853050096
"445","03/03/2020",227.2,"N/A",229.86,228.66,222.66,6,0.0110487120009767
"446","03/02/2020",229.92,"N/A",220.99,232.15,227.76,4.39000000000001,0.00777275871891919
"447","03/01/2020",221.05,"N/A",222.55,221.89,216.23,5.66,0.0103568957799211
"448","02/29/2020",222.75,"N/A",231.89,225.34,216.48,8.86000000000001,0.0168681072722094
"449","02/28/2020",231.91,"N/A",229.18,232.45,226.79,5.66,0.0103568957799211
"450","02/27/2020",230.27,"N/A",218.2,234.55,227,7.55000000000001,0.0142025800675539
"451","02/26/2020",218.28,"N/A",240.59,224.52,210.36,14.16,0.0276523013063118
"452","02/25/2020",240.6,"N/A",261.33,250.05,236.8,13.25,0.0258006755381924
"453","02/24/2020",261.34,"N/A",267.69,266.17,261.08,5.09000000000003,0.00919708623285728
"454","02/23/2020",267.13,"N/A",266.17,276.81,266.08,10.73,0.0206730964880154
"455","02/22/2020",266.02,"N/A",261.06,267.9,261.24,6.65999999999997,0.0123916493712611
"456","02/21/2020",260.78,"N/A",260.83,266.71,260.75,5.95999999999998,0.0109673218573231
"457","02/20/2020",260.87,"N/A",260.55,263.69,254.15,9.53999999999999,0.0182517397143206
"458","02/19/2020",260.24,"N/A",278.69,264.22,257.67,6.55000000000001,0.0121678264762138
"459","02/18/2020",278.91,"N/A",270.99,282.61,277.7,4.91000000000003,0.00883083058641605
"460","02/17/2020",248.81,"N/A",265.86,261.25,242.11,19.14,0.0377853741911855
"461","02/16/2020",245.2,"N/A",272.75,261.25,242.11,19.14,0.0377853741911855
"462","02/15/2020",271.87,"N/A",281.25,273.81,258.89,14.92,0.0291987140357303
"463","02/14/2020",282.01,"N/A",266.87,287.93,278.59,9.34000000000003,0.0178447889960527
"464","02/13/2020",267.16,"N/A",269.48,269.9,264.84,5.06,0.00913604362511702
"465","02/12/2020",269.35,"N/A",245.01,274.21,265.23,8.97999999999996,0.0171122777031701
"466","02/11/2020",245.68,"N/A",218.56,247.11,236.73,10.38,0.0199609327310463
"467","02/10/2020",218.39,"N/A",224.59,223.44,218.22,5.22,0.00946160419973143
"468","02/09/2020",224.54,"N/A",227.72,229.28,222.59,6.69,0.0124526919790014
"469","02/08/2020",228.07,"N/A",220.03,228.84,223.07,5.77000000000001,0.0105807186749685
"470","02/07/2020",220.39,"N/A",218.62,224.43,213.75,10.68,0.0205713588084483
"471","02/06/2020",219.52,"N/A",205.94,220.92,213.14,7.78,0.0146705733935621
"472","02/05/2020",205.23,"N/A",190.26,206.51,201.29,5.22,0.00946160419973143
"473","02/04/2020",189.95,"N/A",187.23,190.13,188.26,1.87,0.00264517966874214
"474","02/03/2020",187.56,"N/A",190.78,191.48,187.13,4.34999999999999,0.00769136857526554
"475","02/02/2020",191.22,"N/A",181.9,194.92,187.44,7.47999999999999,0.01406014731616
"476","02/01/2020",181.94,"N/A",182,183.68,179.49,4.19,0.00736580800065113
"477","01/31/2020",182.53,"N/A",182.34,184.17,179.36,4.80999999999997,0.00862735522728194
"478","01/30/2020",182.36,"N/A",174.27,185.67,182.34,3.32999999999998,0.00561591991209863
"479","01/29/2020",174.28,"N/A",176.39,174.5,171.2,3.30000000000001,0.00555487730435848
"480","01/28/2020",176.25,"N/A",172.26,177.42,175.26,2.16,0.00323525821023075
"481","01/27/2020",172.56,"N/A",167,173.53,170.27,3.25999999999999,0.00547348716070484
"482","01/26/2020",166.8,"N/A",160.9,169.64,166.54,3.09999999999999,0.00514792658609043
"483","01/25/2020",160.92,"N/A",159.41,161.76,159.55,2.20999999999998,0.00333699588979772
"484","01/24/2020",159.47,"N/A",158.44,162.58,157.87,4.71000000000001,0.008423879868148
"485","01/23/2020",158.47,"N/A",164.82,163.42,158.12,5.29999999999998,0.0096243844870386
"486","01/22/2020",164.52,"N/A",169.43,168.25,164.52,3.72999999999999,0.00642982134863468
"487","01/21/2020",169.38,"N/A",167.95,169.97,167.97,2,0.00290969763561634
"488","01/20/2020",168.48,"N/A",164.87,168.83,165.74,3.09,0.00512757905017705
"489","01/19/2020",165.09,"N/A",175.98,167.44,164.57,2.87,0.00467993326008223
"490","01/18/2020",176.09,"N/A",168.82,177.77,173.53,4.24000000000001,0.00746754568021816
"491","01/17/2020",169.29,"N/A",166.63,173.54,168.18,5.35999999999999,0.00974646970251901
"492","01/16/2020",166.37,"N/A",160.31,167.21,162.33,4.88,0.00876978797867579
"493","01/15/2020",160.63,"N/A",160.77,167.18,159.08,8.09999999999999,0.0153216945427909
"494","01/14/2020",161.67,"N/A",149.08,171.69,161.05,10.64,0.0204899686647947
"495","01/13/2020",149.44,"N/A",144.03,150.26,143.59,6.66999999999999,0.0124119969071745
"496","01/12/2020",144.11,"N/A",143.66,146.87,142.88,3.99000000000001,0.00695885728238314
"497","01/11/2020",143.73,"N/A",143.31,144.44,142,2.44,0.00380498921580598
"498","01/10/2020",143.42,"N/A",136.58,145.23,142.95,2.28,0.00347942864119157
"499","01/09/2020",136.64,"N/A",140.09,138.19,136.33,1.85999999999999,0.0026248321328287
"500","01/08/2020",140.13,"N/A",145.02,141.6,139.6,2,0.00290969763561634
"501","01/07/2020",145.02,"N/A",142.52,147.55,142.95,4.60000000000002,0.00820005697310062
"502","01/06/2020",142.42,"N/A",139.6,145.13,142.33,2.79999999999998,0.00453750050868838
"503","01/05/2020",139.82,"N/A",136.02,139.9,135.17,4.73000000000002,0.00846457493997482
"504","01/04/2020",136.42,"N/A",133.76,136.97,134.32,2.65000000000001,0.00423228746998741
"505","01/03/2020",133.96,"N/A",129.4,134.77,132.95,1.82000000000002,0.00254344198917517
"506","01/02/2020",129.24,"N/A",129.71,129.79,126.05,3.73999999999999,0.00645016888454809
"507","01/01/2020",129.67,"N/A",130.23,130.77,128.89,1.88000000000002,0.00266552720465558
"508","12/31/2019",130.28,"N/A",131.46,130.92,128.81,2.10999999999999,0.00313352053066372
"509","12/30/2019",131.56,"N/A",135.14,132.11,131.18,0.930000000000007,0.00073251129288246
"510","12/29/2019",135.18,"N/A",128.32,135.6,133.28,2.31999999999999,0.00356081878484516
"511","12/28/2019",128.3,"N/A",127.54,128.44,127.67,0.769999999999996,0.000406950718268024
"512","12/27/2019",125.28,"N/A",128.81,127.04,123.18,3.86,0.00669433931550891
"513","12/26/2019",125.83,"N/A",124.8,126.73,125.31,1.42,0.00172954055263909
"514","12/25/2019",124.91,"N/A",126.56,125.74,124.7,1.03999999999999,0.00095633418792984
"515","12/24/2019",126.56,"N/A",128.09,128.17,125.79,2.37999999999998,0.00368290400032554
"516","12/23/2019",128.13,"N/A",133.42,128.67,127.56,1.10999999999999,0.00109876693932363
"517","12/22/2019",133.6,"N/A",127.46,134.92,132.2,2.72,0.0043747202213812
"518","12/21/2019",127.55,"N/A",128.09,128.12,127.09,1.03,0.000935986652016458
"519","12/20/2019",127.94,"N/A",127.16,128.79,127.4,1.38999999999999,0.00166849794489886
"520","12/19/2019",127.18,"N/A",128.47,128.79,126.8,1.98999999999999,0.00288935009970293
"521","12/18/2019",128.2,"N/A",123.9,133.9,127.28,6.62,0.0123102592276076
"522","12/17/2019",123.82,"N/A",131.85,125.33,121.6,3.73,0.00642982134863471
"523","12/16/2019",131.73,"N/A",141.45,132.96,131.37,1.59,0.00207544866316691
"524","12/15/2019",141.42,"N/A",141.31,142.75,141.04,1.71000000000001,0.00231961909412773
"525","12/14/2019",141.31,"N/A",144.62,142.14,140.3,1.83999999999997,0.00258413706100188
"526","12/13/2019",144.62,"N/A",144.69,145.17,144.48,0.689999999999998,0.00024417043096082
"527","12/12/2019",144.72,"N/A",141.9,145.43,144.37,1.06,0.000997029259756663
"528","12/11/2019",141.98,"N/A",145.89,143.98,140,3.97999999999999,0.0069385097464697
"529","12/10/2019",145.9,"N/A",147.79,146.56,145.2,1.36000000000001,0.00160745533715871
"530","12/09/2019",147.76,"N/A",150.86,148.48,147,1.47999999999999,0.00185162576811947
"531","12/08/2019",151.03,"N/A",148.46,151.75,150.31,1.44,0.00177023562446589
"532","12/07/2019",148.6,"N/A",149.17,148.94,147.95,0.990000000000009,0.00085459650836287
"533","12/06/2019",149.28,"N/A",148.32,149.55,148.29,1.26000000000002,0.00140397997802472
"534","12/05/2019",148.1,"N/A",145.28,148.98,147.22,1.75999999999999,0.0024213567736947
"535","12/04/2019",145.41,"N/A",145.21,146.6,144.64,1.96000000000001,0.00282830749196275
"536","12/03/2019",145.31,"N/A",149.27,147.9,144.1,3.80000000000001,0.00657225410002853
"537","12/02/2019",148.78,"N/A",150.59,149.84,148.65,1.19,0.00126154722663086
"538","12/01/2019",150.59,"N/A",147.89,151.63,150.12,1.50999999999999,0.00191266837585968
"539","11/30/2019",148.38,"N/A",154.07,151.93,146.85,5.08000000000001,0.00917673869694384
"540","11/29/2019",153.43,"N/A",152.62,155.19,153.19,2,0.00290969763561634
"541","11/28/2019",152.32,"N/A",152.5,152.9,150.64,2.26000000000002,0.0034387335693648
"542","11/27/2019",152.1,"N/A",145.93,154.68,151.86,2.81999999999999,0.0045781955805152
"543","11/26/2019",146.35,"N/A",149.28,148.46,144.75,3.71000000000001,0.00638912627680791
"544","11/25/2019",147.83,"N/A",138.28,148.29,144.5,3.78999999999999,0.00655190656411509
"545","11/24/2019",138.52,"N/A",150.98,142.58,136.95,5.63000000000002,0.0102958531721809
"546","11/23/2019",150.36,"N/A",150.18,153.24,150.36,2.88,0.00470028079599561
"547","11/22/2019",150.1,"N/A",162.39,150.38,146.6,3.78,0.0065315590282017
"548","11/21/2019",161.76,"N/A",175.41,163.06,161.42,1.64000000000001,0.00217718634273394
"549","11/20/2019",175.39,"N/A",176.36,175.91,174.3,1.60999999999999,0.00211614373499368
"550","11/19/2019",174.72,"N/A",178.46,178.7,173.48,5.22,0.00946160419973143
"551","11/18/2019",178.1,"N/A",183.33,178.7,177.34,1.35999999999999,0.00160745533715865
"552","11/17/2019",183.29,"N/A",182.25,184.3,182.79,1.51000000000002,0.00191266837585974
"553","11/16/2019",182.45,"N/A",180.96,183.2,182.34,0.859999999999985,0.00059007854148861
"554","11/15/2019",180.66,"N/A",183.87,181.05,179.53,1.52000000000001,0.00193301591177312
"555","11/14/2019",182.53,"N/A",187.65,185.49,181.75,3.74000000000001,0.00645016888454812
"556","11/13/2019",187.56,"N/A",186.07,188.91,187.28,1.63,0.0021568388068205
"557","11/12/2019",185.97,"N/A",185.8,187.14,185.7,1.44,0.00177023562446589
"558","11/11/2019",185.87,"N/A",189.78,186.48,184.6,1.88,0.00266552720465552
"559","11/10/2019",189.31,"N/A",184.09,190.17,188.98,1.19,0.00126154722663086
"560","11/09/2019",183.98,"N/A",184.9,185.1,183.55,1.54999999999998,0.00199405851951327
"561","11/08/2019",184.72,"N/A",187.96,185.07,183.59,1.47999999999999,0.00185162576811947
"562","11/07/2019",188.28,"N/A",190.24,188.3,186.6,1.70000000000002,0.00229927155821435
"563","11/06/2019",189.28,"N/A",189.68,192.27,189.24,3.03,0.00500549383469664
"564","11/05/2019",190.23,"N/A",186.41,190.71,188.13,2.58000000000001,0.00408985471859362
"565","11/04/2019",186.14,"N/A",181.53,187.02,185.02,2,0.00290969763561634
"566","11/03/2019",181.54,"N/A",183.89,182,180.98,1.02000000000001,0.000915639116103075
"567","11/02/2019",183.25,"N/A",183.16,183.57,183,0.569999999999993,0
"568","11/01/2019",182.77,"N/A",181.75,183.51,182.5,1.00999999999999,0.000895291580189635
"569","10/31/2019",182.21,"N/A",184,182.71,181.4,1.31,0.00150571765759168
"570","10/30/2019",182.42,"N/A",190.94,185.21,181.65,3.56,0.00608391323810689
"571","10/29/2019",190.94,"N/A",184.52,191.58,188.56,3.02000000000001,0.00498514629878325
"572","10/28/2019",184.17,"N/A",186.77,184.18,181.67,2.51000000000002,0.00394742196719983
"573","10/27/2019",186.1,"N/A",178.96,188.91,183.65,5.25999999999999,0.00954299434338502
"574","10/26/2019",178.26,"N/A",184.25,181.58,178.06,3.52000000000001,0.0060025230944533
"575","10/25/2019",191.42,"N/A",161.03,192.54,181.5,11.04,0.0213038701013307
"576","10/24/2019",161.04,"N/A",161.15,161.28,160.69,0.590000000000003,4.06950718268226e-05
"577","10/23/2019",161.07,"N/A",171.18,162.61,160.38,2.23000000000002,0.0033776909616246
"578","10/22/2019",171.03,"N/A",173.57,171.61,170.99,0.620000000000005,0.000101737679567028
"579","10/21/2019",173.98,"N/A",174.32,174.51,173.49,1.01999999999998,0.000915639116103017
"580","10/20/2019",174.41,"N/A",170.13,175.14,173.97,1.16999999999999,0.00122085215480404
"581","10/19/2019",170.4,"N/A",172.01,171.93,169.57,2.36000000000001,0.0036422089284988
"582","10/18/2019",171.65,"N/A",177.13,173.08,171.56,1.52000000000001,0.00193301591177312
"583","10/17/2019",177.11,"N/A",173.81,177.47,176.49,0.97999999999999,0.00083424897244943
"584","10/16/2019",174.1,"N/A",180.28,174.68,173.52,1.16,0.00120050461889066
"585","10/15/2019",179.72,"N/A",186.09,181.08,179.53,1.55000000000001,0.00199405851951333
"586","10/14/2019",186.16,"N/A",182.26,187.67,185.87,1.79999999999998,0.00250274691734829
"587","10/13/2019",182.42,"N/A",182.04,182.85,180.65,2.19999999999999,0.00331664835388434
"588","10/12/2019",182.58,"N/A",182.84,182.77,178.89,3.88000000000002,0.00673503438733576
"589","10/11/2019",182.68,"N/A",190.2,183.76,180.6,3.16,0.00527001180157084
"590","10/10/2019",190.1,"N/A",192.17,191.64,188.87,2.76999999999998,0.00447645790094817
"591","10/09/2019",191.75,"N/A",180.64,193.68,191.34,2.34,0.00360151385667198
"592","10/08/2019",180.5,"N/A",184.41,181.97,180.49,1.47999999999999,0.00185162576811947
"593","10/07/2019",184.08,"N/A",169.93,184.51,179.73,4.78,0.00856631261954179
"594","10/06/2019",174.19,"N/A",176.2,176.87,174.05,2.81999999999999,0.0045781955805152
"595","10/05/2019",175.33,"N/A",175.7,176.87,174.62,2.25,0.00341838603345136
"596","10/04/2019",174.89,"N/A",173.2,175.86,174.75,1.11000000000001,0.00109876693932369
"597","10/03/2019",173.16,"N/A",179.43,174.77,172.27,2.5,0.00392707443128639
"598","10/02/2019",179.42,"N/A",176.36,180.57,178.86,1.70999999999998,0.00231961909412767
"599","10/01/2019",176.66,"N/A",181.13,177.41,174.69,2.72,0.0043747202213812
"600","09/30/2019",181.05,"N/A",169.65,181.07,178,3.06999999999999,0.00508688397835022
"601","09/29/2019",168.75,"N/A",173.05,169.9,168.3,1.59999999999999,0.00209579619908029
"602","09/28/2019",172.46,"N/A",174.54,174.43,172.27,2.16,0.00323525821023075
"603","09/27/2019",174.36,"N/A",163.89,174.44,172.67,1.77000000000001,0.00244170430960814
"604","09/26/2019",163.44,"N/A",168.15,165.17,162.89,2.28,0.00347942864119157
"605","09/25/2019",167.27,"N/A",172.41,169.14,166.9,2.23999999999998,0.00339803849753792
"606","09/24/2019",172.85,"N/A",201.73,174.26,166.1,8.16,0.0154437797582713
"607","09/23/2019",201.54,"N/A",209.18,202.97,200.02,2.94999999999999,0.0048427135473894
"608","09/22/2019",209.16,"N/A",211.45,211.76,208.52,3.23999999999998,0.00543279208887801
"609","09/21/2019",211.03,"N/A",219.38,215.64,209.74,5.89999999999998,0.0108452366418426
"610","09/20/2019",219.94,"N/A",216.51,221.17,217.43,3.73999999999998,0.00645016888454806
"611","09/19/2019",218.62,"N/A",208.43,221.27,217.28,3.99000000000001,0.00695885728238314
"612","09/18/2019",207.53,"N/A",211.75,210.45,205.88,4.56999999999999,0.00813901436536036
"613","09/17/2019",210.9,"N/A",198.12,212.23,207.69,4.53999999999999,0.00807797175762015
"614","09/16/2019",197.05,"N/A",194.32,198.63,196.97,1.66,0.0022178814145607
"615","09/15/2019",194.3,"N/A",187.59,194.34,189.09,5.25,0.00952264680747163
"616","09/14/2019",187.89,"N/A",180.45,190.23,187.54,2.69,0.004313677613641
"617","09/13/2019",180.92,"N/A",180.29,181.41,180.36,1.04999999999998,0.000976681723843222
"618","09/12/2019",180.47,"N/A",178.04,181.53,180.12,1.41,0.00170919301672568
"619","09/11/2019",177.71,"N/A",180.17,178.95,177.48,1.47,0.00183127823220609
"620","09/10/2019",180.17,"N/A",182.98,182.27,179.85,2.42000000000002,0.00376429414397921
"621","09/09/2019",182.47,"N/A",180.04,184.76,176.25,8.50999999999999,0.0161559435152403
"622","09/08/2019",180.47,"N/A",178.34,181.57,180.19,1.38,0.00164815040898548
"623","09/07/2019",178.59,"N/A",169.26,179.36,177.76,1.60000000000002,0.00209579619908035
"624","09/06/2019",169.37,"N/A",174.48,169.53,168.42,1.11000000000001,0.00109876693932369
"625","09/05/2019",173.92,"N/A",174.3,174.2,173.08,1.11999999999998,0.00111911447523701
"626","09/04/2019",173.85,"N/A",177.95,174.83,173.77,1.06,0.000997029259756663
"627","08/16/2019",184.48,"N/A",184.09,188.03,179.35,8.68000000000001,0.0165018516257682
"628","08/15/2019",187.14,"N/A",187.76,188.03,186.48,1.55000000000001,0.00199405851951333
"629","08/14/2019",187.24,"N/A",206.88,189.3,186.62,2.68000000000001,0.00429333007772762
"630","08/13/2019",207.64,"N/A",209.28,209.43,206.46,2.97,0.00488340861921623
"631","08/11/2019",214.65,"N/A",206.43,215.04,205.64,9.40000000000001,0.017966874211533
"632","08/10/2019",210.6,"N/A",211.84,211.34,205.64,5.70000000000002,0.0104382859235747
"633","08/06/2019",229.83,"N/A",230.94,237.47,226.8,10.67,0.0205510112725349
"634","08/05/2019",227.11,"N/A",225.67,232.49,226.8,5.69,0.0104179383876613
"635","08/04/2019",225.02,"N/A",221.14,226.77,220.75,6.02000000000001,0.0110894070728035
"636","08/03/2019",221.06,"N/A",218.76,222.21,220.85,1.36000000000001,0.00160745533715871
"637","08/02/2019",222.65,"N/A",215.53,223,215.52,7.47999999999999,0.01406014731616
"638","08/01/2019",215.52,"N/A",213.06,216.81,214.91,1.90000000000001,0.00270622227648234
"639","07/31/2019",212.82,"N/A",210.83,217.55,211.41,6.14000000000001,0.0113335775037643
"640","07/30/2019",210.47,"N/A",205.52,211.46,208.17,3.29000000000002,0.0055345297684451
"641","07/29/2019",207.15,"N/A",213.23,210.46,207.09,3.37,0.00569731005575227
"642","07/28/2019",212.8,"N/A",207.06,214.45,208.4,6.04999999999998,0.0111504496805437
"643","07/27/2019",206.56,"N/A",221.43,207.05,205.81,1.24000000000001,0.00136328490619789
"644","07/26/2019",220.37,"N/A",213.33,222.7,217.55,5.14999999999998,0.00931917144833758
"645","07/25/2019",213.45,"N/A",221.29,217.67,212.07,5.59999999999999,0.0102348105644407
"646","07/24/2019",220.71,"N/A",205.31,223.3,214.79,8.51000000000002,0.0161559435152404
"647","07/23/2019",203.95,"N/A",215.29,211.86,202.3,9.56,0.0182924347861474
"648","07/22/2019",215.48,"N/A",224.23,217.23,214.68,2.54999999999998,0.00402881211085336
"649","07/21/2019",224.61,"N/A",227.77,227.47,223.53,3.94,0.00685711960281611
"650","07/20/2019",224.97,"N/A",223.99,228.76,224.97,3.78999999999999,0.00655190656411509
"651","07/19/2019",220.51,"N/A",221.8,222.67,219.8,2.86999999999998,0.00467993326008217
"652","07/18/2019",223.03,"N/A",212.75,225.68,222.61,3.06999999999999,0.00508688397835022
"653","07/17/2019",211.42,"N/A",199.84,213.86,206.7,7.16000000000003,0.0134090261669313
"654","07/16/2019",195.74,"N/A",232.02,203.21,194.45,8.76000000000002,0.0166646319130754
"655","07/15/2019",229.37,"N/A",217.61,234.41,228.39,6.02000000000001,0.0110894070728035
"656","07/14/2019",216.61,"N/A",268.83,226.66,204.39,22.27,0.04415415293208
"657","07/13/2019",268.79,"N/A",273.27,269.62,267.68,1.94,0.00278761242013593
"658","07/12/2019",273.36,"N/A",271.63,275.04,272.76,2.28000000000003,0.00347942864119163
"659","07/11/2019",270.66,"N/A",286.73,274.28,267.17,7.10999999999996,0.0133072884873641
"660","07/10/2019",284.93,"N/A",313.24,289.14,281.88,7.25999999999999,0.0136125015260652
"661","07/09/2019",311.81,"N/A",312.83,312.09,306.63,5.45999999999998,0.00994994506165301
"662","07/08/2019",314.6,"N/A",304.29,314.91,309.79,5.12,0.00925812884059743
"663","07/07/2019",304.03,"N/A",288.59,306.91,301.6,5.31,0.00964473202295204
"664","07/06/2019",287,"N/A",291.12,288.89,285.28,3.61000000000001,0.00618565091767391
"665","07/05/2019",290.92,"N/A",284.74,292.7,286.83,5.87,0.0107841940341025
"666","07/04/2019",286.11,"N/A",298.28,286.9,281.92,4.97999999999996,0.00897326333780973
"667","07/03/2019",298.59,"N/A",296.58,301.56,297.45,4.11000000000001,0.00720302771334396
"668","07/02/2019",295.06,"N/A",287.28,298.42,291.48,6.94,0.0129613803768364
"669","07/01/2019",288.81,"N/A",299.15,297,286.69,10.31,0.0198184999796525
"670","06/30/2019",298.93,"N/A",319.03,300.54,290.24,10.3,0.0197981524437391
"671","06/29/2019",319.77,"N/A",305.61,323.21,318.26,4.94999999999999,0.00891222073006958
"672","06/28/2019",298.12,"N/A",298.35,310.78,298.12,12.66,0.0246001709193016
"673","06/27/2019",301.22,"N/A",337.45,306.81,295.3,11.51,0.0222602042892606
"674","06/26/2019",333.41,"N/A",317.2,345.83,329.83,16,0.0313962479143776
"675","06/25/2019",316.38,"N/A",312.02,319.68,315.99,3.69,0.00634843120498109
"676","06/24/2019",311.32,"N/A",305.83,312.73,310.07,2.66000000000003,0.00425263500590085
"677","06/23/2019",306.04,"N/A",314.91,308.51,297.9,10.61,0.0204289260570545
"678","06/22/2019",315.9,"N/A",303.87,318.5,310.39,8.11000000000001,0.0153420420787043
"679","06/21/2019",305.06,"N/A",281.58,305.34,292.09,13.25,0.0258006755381924
"680","06/20/2019",280.49,"N/A",266.81,283.6,271.47,12.13,0.0235217515158914
"681","06/19/2019",268.12,"N/A",265.47,268.72,267.66,1.06,0.000997029259756663
"682","06/18/2019",265.59,"N/A",269.43,266.93,263.61,3.31999999999999,0.00559557237618525
"683","06/17/2019",271.52,"N/A",270.83,273.26,270.37,2.88999999999999,0.00472062833190899
"684","06/16/2019",271.48,"N/A",269.11,272.55,268,4.55000000000001,0.00809831929353359
"685","06/15/2019",269.53,"N/A",264.63,269.81,265.93,3.88,0.0067350343873357
"686","06/14/2019",265.36,"N/A",253.42,265.77,260.93,4.83999999999997,0.00868839783502215
"687","06/13/2019",253.92,"N/A",258.81,256.54,252.01,4.53000000000003,0.00805762422170683
"688","06/12/2019",259.31,"N/A",243.6,262.47,258.59,3.88000000000005,0.00673503438733582
"689","06/11/2019",243.97,"N/A",244.96,244.81,242.57,2.24000000000001,0.00339803849753798
"690","06/10/2019",244.69,"N/A",232.86,247.77,244.12,3.65000000000001,0.0062670410613275
"691","06/09/2019",233.53,"N/A",239.42,234.64,227.38,7.25999999999999,0.0136125015260652
"692","06/08/2019",241.33,"N/A",250.32,243.79,240.36,3.42999999999998,0.00581939527123263
"693","06/07/2019",248.46,"N/A",246.3,250.51,248.37,2.13999999999999,0.00319456313840393
"694","06/06/2019",246.71,"N/A",246.61,249.98,246.11,3.86999999999998,0.00671468685142226
"695","06/05/2019",246.42,"N/A",240.85,246.94,244.6,2.34,0.00360151385667198
"696","06/04/2019",240.85,"N/A",248.65,243.57,240.15,3.41999999999999,0.00579904773531924
"697","06/03/2019",248.55,"N/A",267.03,250.28,241.88,8.40000000000001,0.0159321206201929
"698","06/02/2019",267.37,"N/A",267.02,269.26,265,4.25999999999999,0.00750824075204493
"699","06/01/2019",267.59,"N/A",270.84,268.43,263.73,4.69999999999999,0.00840353233223456
"700","05/31/2019",271.98,"N/A",257.14,274.94,265.64,9.30000000000001,0.017763398852399
"701","05/30/2019",256.64,"N/A",270.95,258.77,253.83,4.93999999999997,0.00889187319415614
"702","05/29/2019",268.94,"N/A",268.74,273.29,267.16,6.13,0.0113132299678509
"703","05/28/2019",268.28,"N/A",272.69,271.16,266.98,4.18000000000001,0.00734546046473775
"704","05/27/2019",273.22,"N/A",266.69,273.4,268.63,4.76999999999998,0.00854596508362835
"705","05/26/2019",264.37,"N/A",249.71,269.27,264.11,5.15999999999997,0.00933951898425096
"706","05/25/2019",250.72,"N/A",251.34,251.55,250.24,1.31,0.00150571765759168
"707","05/24/2019",250.48,"N/A",241.99,251.08,247.9,3.18000000000001,0.00531070687339766
"708","05/23/2019",242.45,"N/A",244.46,246.15,242.45,3.70000000000002,0.00636877874089453
"709","05/22/2019",243.03,"N/A",254.98,245.09,241.84,3.25,0.00545313962479145
"710","05/21/2019",256.83,"N/A",250.66,259.7,253.32,6.38,0.0118219183656859
"711","05/20/2019",249.79,"N/A",247.78,254.94,248.89,6.05000000000001,0.0111504496805437
"712","05/19/2019",247.97,"N/A",244.2,259.68,245.9,13.78,0.0268790949416026
"713","05/18/2019",244.84,"N/A",239.82,248.46,232.85,15.61,0.030602694013755
"714","05/17/2019",240.16,"N/A",254.86,247.84,237.45,10.39,0.0199812802669597
"715","05/16/2019",253.77,"N/A",271.82,267.8,252.72,15.08,0.0295242746103447
"716","05/15/2019",264,"N/A",221.06,268.43,247.19,21.24,0.0420583567329997
"717","05/14/2019",221.17,"N/A",203.41,222.93,217.32,5.61000000000001,0.0102551581003541
"718","05/13/2019",203.52,"N/A",189.29,204.96,195.22,9.74000000000001,0.0186586904325887
"719","05/12/2019",189.45,"N/A",193.1,190.69,185.69,5,0.00901395840963661
"720","05/11/2019",190.12,"N/A",173.67,193.05,172.75,20.3,0.04014568835714
"721","05/10/2019",176.68,"N/A",171.49,177.43,172.75,4.68000000000001,0.0083628372604078
"722","05/09/2019",170.1,"N/A",172.8,171.16,168.86,2.29999999999998,0.00352012371301833
"723","05/08/2019",172.17,"N/A",169.24,173.28,170.26,3.02000000000001,0.00498514629878325
"724","05/07/2019",169.21,"N/A",179.15,169.68,165.7,3.98000000000002,0.00693850974646976
"725","05/06/2019",179.05,"N/A",161.85,181.39,172.97,8.41999999999999,0.0159728156920197
"726","05/05/2019",161.6,"N/A",161.99,163.1,161.6,1.5,0.0018923208399463
"727","05/04/2019",164.05,"N/A",157.39,165.57,160.05,5.51999999999998,0.0100720302771334
"728","05/03/2019",168.98,"N/A",157.39,168.98,160.05,8.92999999999998,0.0170105400236031
"729","03/18/2019",137.63,"N/A",139.11,141.87,136.86,5.00999999999999,0.00903430594554999
"730","03/17/2019",139.26,"N/A",141.64,141.17,137.61,3.55999999999997,0.00608391323810683
"731","03/16/2019",140.33,"N/A",134.9,143.95,136.75,7.19999999999999,0.0134904163105848
"732","03/15/2019",137.01,"N/A",132.71,137.68,132.45,5.23000000000002,0.00948195173564487
"733","03/14/2019",132.61,"N/A",132.08,134.82,130.48,4.34,0.00767102103935216
"734","03/13/2019",132.06,"N/A",133.19,133.84,131.2,2.64000000000001,0.00421193993407403
"735","03/12/2019",133.8,"N/A",132.99,134.93,129.14,5.79000000000002,0.0106214137467953
"736","03/11/2019",133.42,"N/A",136.1,136.23,131.66,4.56999999999999,0.00813901436536036
"737","03/10/2019",135.72,"N/A",137.52,137.75,134.53,3.22,0.00539209701705125
"738","03/09/2019",137.52,"N/A",133.85,138.57,133.38,5.19,0.00940056159199122
"739","03/08/2019",133.85,"N/A",136.93,139.45,131.66,7.78999999999999,0.0146909209294754
