"","Date","Close.Last","Volume","Open","High_nasdaq","Low_nasdaq","diff","norm"
"1","05/21/2021",13470.99,"--",13616.19,13616.58,13463.26,153.32,0.206742812130759
"2","05/20/2021",13535.74,"--",13356.63,13563.52,13355.71,207.810000000001,0.292587632926351
"3","05/19/2021",13299.74,"--",13078.19,13304.61,13072.23,232.380000000001,0.33129578574242
"4","05/18/2021",13303.64,"--",13416.9,13485.34,13299.93,185.41,0.25729814887751
"5","05/17/2021",13379.05,"--",13368.8,13399.17,13265.4,133.77,0.175943284757779
"6","05/14/2021",13379.05,"--",13255.65,13460.88,13242.97,217.91,0.308499409216226
"7","05/13/2021",13124.99,"--",13150.94,13247.87,13007.24,240.630000000001,0.344293028751478
"8","05/12/2021",13031.68,"--",13215.49,13288.61,13002.54,286.07,0.415880267821976
"9","05/11/2021",13389.43,"--",13363.99,13423.31,13107.67,315.639999999999,0.462465537613232
"10","05/10/2021",13401.86,"--",13687.59,13687.93,13401.74,286.190000000001,0.416069318629382
"11","05/07/2021",13752.24,"--",13723.09,13828.62,13690.75,137.870000000001,0.182402520677433
"12","05/06/2021",13632.84,"--",13557.83,13635.73,13439.39,196.34,0.27451752658527
"13","05/05/2021",13582.42,"--",13731.13,13753.05,13553.93,199.119999999999,0.278897203623472
"14","05/04/2021",13633.5,"--",13774.51,13795.57,13485.59,309.98,0.453548641197321
"15","05/03/2021",13895.12,"--",14031.77,14042.12,13881.51,160.610000000001,0.218227648680584
"16","04/30/2021",13962.68,"--",13970.73,14084.76,13941.63,143.130000000001,0.19068924773533
"17","04/29/2021",14082.55,"--",14204.51,14211.57,13952.8,258.77,0.372871209137456
"18","04/28/2021",14051.03,"--",14082.78,14133.65,14034.7,98.9499999999989,0.121087042142574
"19","04/27/2021",14090.22,"--",14170.91,14171.24,14064.28,106.959999999999,0.133706183536824
"20","04/26/2021",14138.78,"--",14052.38,14154.03,14019.5,134.530000000001,0.177140606538008
"21","04/23/2021",14016.81,"--",13861.37,14062.74,13856.83,205.91,0.289594328475777
"22","04/22/2021",13818.41,"--",13952.57,14015.87,13771.04,244.83,0.350909807010634
"23","04/21/2021",13950.22,"--",13745.77,13951.35,13706.86,244.49,0.350374163056321
"24","04/20/2021",13786.27,"--",13894.46,13927.67,13698.67,229,0.325970854667192
"25","04/19/2021",13914.77,"--",13984.58,14041.79,13842.57,199.220000000001,0.279054745962979
"26","04/16/2021",14052.34,"--",14059.11,14062.5,13977.05,85.4500000000007,0.0998188263095716
"27","04/15/2021",14038.76,"--",13983.23,14049.13,13970.42,78.7099999999991,0.0892004726270169
"28","04/14/2021",13857.84,"--",14005.27,14033.63,13839.04,194.589999999998,0.271760535643951
"29","04/13/2021",13996.1,"--",13902.45,14011.51,13902.45,109.059999999999,0.137014572666403
"30","04/12/2021",13850,"--",13854.44,13877,13783.95,93.0499999999993,0.111792044111854
"31","04/09/2021",13900.19,"--",13787.01,13905.41,13748.35,157.059999999999,0.212634895628199
"32","04/08/2021",13829.31,"--",13796.89,13830.14,13758.71,71.4300000000003,0.0777313903111464
"33","04/07/2021",13688.84,"--",13675.3,13733.03,13653.59,79.4400000000005,0.0903505317053964
"34","04/06/2021",13698.38,"--",13681.67,13776.71,13674.28,102.429999999998,0.126569515557303
"35","04/05/2021",13705.59,"--",13594.9,13720.58,13582.76,137.82,0.182323749507679
"36","04/01/2021",13480.11,"--",13414.32,13487.08,13404.18,82.8999999999996,0.0958014966522245
"37","03/31/2021",13246.87,"--",13122.57,13325.54,13118.38,207.160000000002,0.291563607719577
"38","03/30/2021",13045.39,"--",13008.8,13075.75,12922.57,153.18,0.206522252855455
"39","03/29/2021",13059.65,"--",13103.97,13143.41,12968.16,175.25,0.24129184718393
"40","03/26/2021",13138.72,"--",12996.03,13149.55,12878.72,270.83,0.391870815281607
"41","03/25/2021",12977.68,"--",12844.58,13021.86,12786.81,235.050000000001,0.33550216620717
"42","03/24/2021",12961.89,"--",13289.24,13292.92,12961.35,331.57,0.487562032296179
"43","03/23/2021",13227.7,"--",13381.43,13405.14,13202.43,202.709999999999,0.284552973611657
"44","03/22/2021",13377.54,"--",13278.78,13455.64,13278.78,176.859999999999,0.243828278849939
"45","03/19/2021",13215.24,"--",13119.9,13252.37,13039.45,212.92,0.30063804647499
"46","03/18/2021",13116.17,"--",13349.2,13384.46,13101.92,282.539999999999,0.410319023237493
"47","03/17/2021",13525.2,"--",13336.91,13595,13272.69,322.309999999999,0.472973611658132
"48","03/16/2021",13471.57,"--",13523.17,13620.71,13397.08,223.629999999999,0.317510831035839
"49","03/15/2021",13459.71,"--",13323.47,13460.35,13272.5,187.85,0.261142181961402
"50","03/12/2021",13319.86,"--",13222.81,13324.69,13158.72,165.970000000001,0.226671918077985
"51","03/11/2021",13398.67,"--",13273.31,13433.62,13246.33,187.290000000001,0.260259944860182
"52","03/10/2021",13068.83,"--",13234.73,13277.11,13035.44,241.67,0.345931469082316
"53","03/09/2021",13073.82,"--",12923.07,13151.54,12882.49,269.050000000001,0.389066561638442
"54","03/08/2021",12609.16,"--",12904.26,13001,12599.23,401.77,0.598156754627807
"55","03/05/2021",12920.15,"--",12860.04,12941.21,12397.05,544.16,0.822481291847183
"56","03/04/2021",12723.47,"--",12953.99,13068.71,12553.96,514.75,0.776148089799133
"57","03/03/2021",12997.75,"--",13336.25,13372.52,12995.07,377.450000000001,0.559842457660497
"58","03/02/2021",13358.79,"--",13599.45,13601.33,13352,249.33,0.357999212288302
"59","03/01/2021",13588.83,"--",13406.16,13596.59,13362.66,233.93,0.333737692004727
"60","02/26/2021",13192.35,"--",13192.35,13368.06,13024.53,343.529999999999,0.506404096100825
"61","02/25/2021",13119.43,"--",13512.64,13602.86,13066.38,536.480000000001,0.810382040173299
"62","02/24/2021",13597.97,"--",13400.25,13607.36,13286.59,320.77,0.470547459629776
"63","02/23/2021",13465.2,"--",13262.61,13526.09,13003.98,522.110000000001,0.78774320598661
"64","02/22/2021",13533.05,"--",13714.2,13757.06,13530.96,226.1,0.321402126821584
"65","02/19/2021",13874.46,"--",13929.2,13985.58,13842.6,142.98,0.190452934226072
"66","02/18/2021",13865.36,"--",13814.67,13905.96,13714.35,191.609999999999,0.267065773926741
"67","02/17/2021",13965.49,"--",13911.65,13976.43,13804.26,172.17,0.236439543127215
"68","02/16/2021",14047.5,"--",14152.21,14175.11,13995.45,179.66,0.248239464356045
"69","02/12/2021",14095.47,"--",13979.21,14102.04,13937.71,164.330000000002,0.224088223710125
"70","02/11/2021",14025.77,"--",14045.21,14058.91,13916.85,142.059999999999,0.189003544702638
"71","02/10/2021",13972.53,"--",14093.35,14109.12,13845.47,263.650000000001,0.38055927530524
"72","02/09/2021",14007.7,"--",13966.81,14044.95,13966.55,78.4000000000015,0.088712091374559
"73","02/08/2021",13987.64,"--",13937.06,13987.74,13894.15,93.5900000000001,0.112642772745175
"74","02/05/2021",13856.3,"--",13824.88,13878.16,13761.66,116.5,0.148735722725482
"75","02/04/2021",13777.74,"--",13674.06,13778.42,13631.62,146.799999999999,0.196471051595115
"76","02/03/2021",13610.54,"--",13718.31,13723.83,13585.34,138.49,0.183379283182355
"77","02/02/2021",13612.78,"--",13543.1,13652.69,13535.86,116.83,0.149255612445844
"78","02/01/2021",13403.39,"--",13226.18,13431.46,13132.47,298.99,0.43623473808586
"79","01/29/2021",13070.69,"--",13284.72,13322,12985.05,336.950000000001,0.496037810161482
"80","01/28/2021",13337.16,"--",13323.29,13507.64,13316.52,191.119999999999,0.266293816463173
"81","01/27/2021",13270.6,"--",13486.58,13538.42,13192.91,345.51,0.509523434423001
"82","01/26/2021",13626.06,"--",13681.72,13702.69,13603.19,99.5,0.121953525009846
"83","01/25/2021",13635.99,"--",13681.21,13728.98,13368.68,360.299999999999,0.532823946435603
"84","01/22/2021",13543.06,"--",13474.81,13567.14,13463.66,103.48,0.128223710122094
"85","01/21/2021",13530.91,"--",13521.48,13560.35,13454.07,106.280000000001,0.132634895628201
"86","01/20/2021",13457.25,"--",13342.55,13486.13,13329.77,156.359999999999,0.211532099251672
"87","01/19/2021",13197.18,"--",13132.73,13206.86,13078.7,128.16,0.167105159511618
"88","01/15/2021",12998.5,"--",13099.9,13139.83,12949.76,190.07,0.264639621898385
"89","01/14/2021",13112.64,"--",13174.75,13220.16,13098.41,121.75,0.157006695549429
"90","01/13/2021",13128.95,"--",13088.01,13171.15,13051.06,120.09,0.154391492713667
"91","01/12/2021",13072.43,"--",13062.06,13105.04,12963.92,141.120000000001,0.187522646711305
"92","01/11/2021",13036.43,"--",13048.78,13138.27,12999.51,138.76,0.183804647499015
"93","01/08/2021",13201.98,"--",13160.22,13208.09,13036.55,171.540000000001,0.235447026388343
"94","01/07/2021",13067.48,"--",12867.34,13090.91,12867.34,223.57,0.317416305632138
"95","01/06/2021",12740.79,"--",12666.15,12909.63,12649.99,259.639999999999,0.374241827491137
"96","01/05/2021",12818.96,"--",12665.65,12828.27,12665.65,162.620000000001,0.221394249704609
"97","01/04/2021",12698.45,"--",12958.52,12958.72,12543.24,415.48,0.619755809373768
"98","12/31/2020",12888.28,"--",12877.09,12902.07,12821.23,80.8400000000001,0.0925561244584482
"99","12/30/2020",12870,"--",12906.51,12924.93,12857.76,67.1700000000001,0.0710200866482866
"100","12/29/2020",12850.22,"--",12965.39,12973.33,12821.96,151.370000000001,0.203670736510438
"101","12/28/2020",12899.42,"--",12914.64,12930.89,12827.45,103.439999999999,0.128160693186292
"102","12/24/2020",12804.73,"--",12791.54,12833.55,12767.64,65.9099999999999,0.0690350531705391
"103","12/23/2020",12771.11,"--",12834.94,12841.92,12758.67,83.25,0.0963528948404881
"104","12/22/2020",12807.92,"--",12785.22,12840.57,12695.31,145.26,0.194044899566759
"105","12/21/2020",12742.52,"--",12596.14,12751.27,12525.22,226.050000000001,0.321323355651833
"106","12/18/2020",12755.64,"--",12804.93,12809.6,12654.6,155,0.209389523434423
"107","12/17/2020",12764.75,"--",12730.78,12765.25,12696.35,68.8999999999996,0.0737455691217007
"108","12/16/2020",12658.19,"--",12611.04,12687.32,12566.38,120.940000000001,0.155730602599449
"109","12/15/2020",12595.06,"--",12543.26,12596.13,12465.42,130.709999999999,0.171122489168963
"110","12/14/2020",12440.04,"--",12447.44,12543,12432.71,110.290000000001,0.138952343442301
"111","12/11/2020",12377.87,"--",12336.79,12383.5,12246.77,136.73,0.180606538007088
"112","12/10/2020",12405.81,"--",12247.55,12431.56,12214.74,216.82,0.306782197715635
"113","12/09/2020",12338.95,"--",12591.69,12607.14,12290.78,316.359999999999,0.463599842457658
"114","12/08/2020",12582.77,"--",12503.17,12594.54,12453.21,141.330000000002,0.187853485624264
"115","12/07/2020",12519.95,"--",12461,12536.23,12460.55,75.6800000000003,0.0844269397400554
"116","12/04/2020",12464.23,"--",12399.32,12464.23,12376.44,87.7899999999991,0.103505317053957
"117","12/03/2020",12377.18,"--",12369.26,12439.02,12356.99,82.0300000000007,0.0944308782985435
"118","12/02/2020",12349.37,"--",12285.75,12360.06,12217.35,142.709999999999,0.190027569909412
"119","12/01/2020",12355.11,"--",12313.36,12405.79,12263.93,141.860000000001,0.188688460023632
"120","11/30/2020",12198.74,"--",12224.25,12244.65,12027.16,217.49,0.307837731390311
"121","11/27/2020",12205.85,"--",12159.18,12236.23,12154.57,81.6599999999999,0.0938479716423784
"122","11/25/2020",12094.4,"--",12069.34,12114.77,12020.95,93.8199999999997,0.113005120126033
"123","11/24/2020",12037.33,"--",11939.33,12049.88,11863.45,186.429999999998,0.258905080740446
"124","11/23/2020",11881.17,"--",11916.76,11949.33,11796.53,152.799999999999,0.205923591965339
"125","11/20/2020",11854.97,"--",11892.7,11935.47,11852.51,82.9599999999991,0.0958960220559259
"126","11/19/2020",11904.71,"--",11779.04,11912.63,11760.98,151.65,0.204111855061047
"127","11/18/2020",11801.6,"--",11896.06,11942.49,11799.96,142.530000000001,0.189743993698307
"128","11/17/2020",11899.34,"--",11913.35,11950.18,11852.41,97.7700000000004,0.119228042536432
"129","11/16/2020",11924.13,"--",11847.11,11937.72,11814.89,122.83,0.158708152816069
"130","11/13/2020",11829.29,"--",11794.94,11849.79,11715.52,134.27,0.176730996455298
"131","11/12/2020",11709.59,"--",11802.5,11847.84,11666.37,181.469999999999,0.251090980701062
"132","11/11/2020",11786.43,"--",11656.65,11793.57,11638.9,154.67,0.208869633714061
"133","11/10/2020",11553.86,"--",11622.44,11665.87,11424.61,241.26,0.345285545490351
"134","11/09/2020",11713.78,"--",12046.66,12108.07,11703.49,404.58,0.602583694367861
"135","11/06/2020",11895.23,"--",11869.9,11920.54,11737.13,183.410000000002,0.254147302087438
"136","11/05/2020",11890.93,"--",11816.33,11924.28,11784.15,140.130000000001,0.185962977550218
"137","11/04/2020",11590.78,"--",11443.77,11663.31,11394.21,269.1,0.389145332808193
"138","11/03/2020",11160.57,"--",11038.66,11213.92,11004.84,209.08,0.294588420638046
"139","11/02/2020",10957.61,"--",11010.45,11071.08,10830.95,240.129999999999,0.343505317053957
"140","10/30/2020",10911.59,"--",11103.47,11129.81,10822.57,307.24,0.449231981094919
"141","10/29/2020",11185.59,"--",11064.47,11287.63,11030.19,257.439999999999,0.370775896022054
"142","10/28/2020",11004.87,"--",11230.9,11249.95,10999.07,250.880000000001,0.360441118550612
"143","10/27/2020",11431.35,"--",11409.34,11465.06,11361.86,103.199999999999,0.127782591571483
"144","10/26/2020",11358.94,"--",11440.64,11545.63,11221.06,324.57,0.476534068530917
"145","10/23/2020",11548.28,"--",11536,11548.85,11434.86,113.99,0.144781410003938
"146","10/22/2020",11506.01,"--",11526.97,11548.77,11369.29,179.48,0.247955888144938
"147","10/21/2020",11484.69,"--",11530.39,11613.79,11476.08,137.710000000001,0.182150452934227
"148","10/20/2020",11516.49,"--",11609.56,11632.89,11471.23,161.66,0.219881843245372
"149","10/19/2020",11478.88,"--",11732.34,11778.11,11454.57,323.540000000001,0.47491138243403
"150","10/16/2020",11671.56,"--",11761.83,11827.42,11648.53,178.889999999999,0.247026388341866
"151","10/15/2020",11713.87,"--",11559.88,11740.68,11559.1,181.58,0.251264277274517
"152","10/14/2020",11768.73,"--",11889.07,11939.92,11714.35,225.57,0.320567152422213
"153","10/13/2020",11863.9,"--",11901.76,11946.98,11821.83,125.15,0.162363135092555
"154","10/12/2020",11876.26,"--",11732.32,11965.54,11704.13,261.410000000002,0.377030326900357
"155","10/09/2020",11579.94,"--",11487.6,11581.23,11476.66,104.57,0.129940921622685
"156","10/08/2020",11420.98,"--",11443.35,11448.23,11384.33,63.8999999999996,0.0658684521465136
"157","10/07/2020",11364.6,"--",11271.68,11380.56,11258.35,122.209999999999,0.157731390311145
"158","10/06/2020",11154.6,"--",11314.53,11392.41,11124.45,267.959999999999,0.387349350137848
"159","10/05/2020",11332.49,"--",11169.11,11335.21,11162.52,172.689999999999,0.237258763292633
"160","10/02/2020",11075.02,"--",11082.53,11244.87,11033.69,211.18,0.297896809767625
"161","10/01/2020",11326.51,"--",11291.99,11344.13,11240.53,103.599999999999,0.128412760929497
"162","09/30/2020",11167.51,"--",11092.9,11277.96,11092.9,185.059999999999,0.256746750689247
"163","09/29/2020",11085.25,"--",11109,11153.23,11065.63,87.6000000000004,0.103205986608901
"164","09/28/2020",11117.52,"--",11084.38,11120.79,11019.14,101.650000000001,0.125340685309179
"165","09/25/2020",10913.56,"--",10680.46,10939.55,10639.98,299.57,0.437148483654982
"166","09/24/2020",10672.27,"--",10551.02,10799.55,10520.22,279.33,0.405261914139425
"167","09/23/2020",10632.99,"--",10950.82,10962.03,10612.91,349.120000000001,0.515210712879087
"168","09/22/2020",10963.64,"--",10873.3,10979.65,10737.52,242.129999999999,0.346656163844032
"169","09/21/2020",10778.8,"--",10536.08,10782.74,10519.49,263.25,0.379929105947223
"170","09/18/2020",10793.28,"--",10973.45,10977.68,10639.95,337.73,0.497266640409609
"171","09/17/2020",10910.28,"--",10796.05,10974.45,10783.81,190.640000000001,0.265537613233558
"172","09/16/2020",11050.47,"--",11222.08,11245.42,11046.43,198.99,0.278692398582118
"173","09/15/2020",11190.32,"--",11201.25,11244.46,11127.98,116.48,0.148704214257581
"174","09/14/2020",11056.65,"--",11010.14,11118.29,10982.26,136.030000000001,0.179503741630564
"175","09/11/2020",10853.55,"--",11010.07,11033.04,10728.03,305.01,0.445718786923986
"176","09/10/2020",10919.59,"--",11235.53,11299.53,10875.02,424.51,0.633981882630957
"177","09/09/2020",11141.56,"--",11064.76,11217.69,10970.45,247.24,0.354706577392674
"178","09/08/2020",10847.69,"--",10900.69,11131.5,10837.2,294.299999999999,0.428846002363134
"179","09/04/2020",11313.13,"--",11396.24,11531.18,10875.87,655.309999999999,0.997589602205592
"180","09/03/2020",11458.1,"--",11861.9,11894.4,11361.36,533.039999999999,0.804962583694366
"181","09/02/2020",12056.44,"--",12047.26,12074.06,11836.18,237.879999999999,0.339960614415123
"182","09/01/2020",11939.67,"--",11850.96,11945.72,11794.78,150.939999999999,0.202993304450569
"183","08/31/2020",11775.46,"--",11718.81,11829.84,11697.41,132.43,0.173832217408429
"184","08/28/2020",11695.63,"--",11689.28,11708.77,11634.77,74,0.0817802284363921
"185","08/27/2020",11625.34,"--",11688.19,11730.01,11551.01,179,0.247199684915321
"186","08/26/2020",11665.06,"--",11516.62,11672.05,11507.46,164.59,0.224497833792832
"187","08/25/2020",11466.47,"--",11370.23,11468.26,11343.04,125.219999999999,0.162473414730207
"188","08/24/2020",11379.72,"--",11449.25,11462.05,11297.53,164.519999999999,0.224387554155177
"189","08/21/2020",11311.8,"--",11258.44,11326.21,11245.44,80.7699999999986,0.0924458448207932
"190","08/20/2020",11264.95,"--",11096.4,11283.62,11090.03,193.59,0.270185112248917
"191","08/19/2020",11146.46,"--",11214.8,11257.42,11132.1,125.32,0.162630957069712
"192","08/18/2020",11210.84,"--",11170.75,11230.61,11103.83,126.780000000001,0.164931075226468
"193","08/17/2020",11129.73,"--",11083.24,11144.53,11080.3,64.2300000000014,0.0663883418668787
"194","08/14/2020",11019.3,"--",11042.24,11058.44,10972.06,86.380000000001,0.101283970066957
"195","08/13/2020",11042.5,"--",11026.86,11124.85,11007.5,117.35,0.150074832611265
"196","08/12/2020",11012.24,"--",10878.12,11036.72,10877.16,159.559999999999,0.216573454115793
"197","08/11/2020",10782.82,"--",10942.66,10989.42,10762.71,226.710000000001,0.322363135092557
"198","08/10/2020",10968.36,"--",11033.72,11040.24,10849.46,190.780000000001,0.265758172508863
"199","08/07/2020",11010.98,"--",11072.53,11126.04,10920.37,205.67,0.289216226860969
"200","08/06/2020",11108.07,"--",10989.98,11121.19,10963.41,157.780000000001,0.213769200472628
"201","08/05/2020",10998.4,"--",10967.87,11002.11,10943.72,58.3900000000012,0.0571878692398599
"202","08/04/2020",10941.17,"--",10916.9,10941.91,10852.9,89.0100000000002,0.105427333595904
"203","08/03/2020",10902.8,"--",10848.64,10927.56,10831.15,96.4099999999999,0.11708546671918
"204","07/31/2020",10745.27,"--",10741.47,10747.8,10557.7,190.099999999999,0.264686884600234
"205","07/30/2020",10587.81,"--",10450.12,10609.59,10412.09,197.5,0.276345017723513
"206","07/29/2020",10542.94,"--",10474.7,10567.91,10464,103.91,0.128901142181961
"207","07/28/2020",10402.09,"--",10509.2,10523.64,10397.87,125.769999999999,0.163339897597477
"208","07/27/2020",10536.27,"--",10421.7,10546.44,10399.86,146.58,0.196124458448208
"209","07/24/2020",10363.18,"--",10294.41,10418.75,10217.31,201.440000000001,0.282552185899961
"210","07/23/2020",10461.42,"--",10689.5,10728.12,10407.87,320.25,0.469728239464356
"211","07/22/2020",10706.13,"--",10687.58,10745.32,10627.45,117.869999999999,0.150894052776682
"212","07/21/2020",10680.36,"--",10837.88,10839.93,10650.46,189.470000000001,0.263694367861364
"213","07/20/2020",10767.09,"--",10526.02,10783.8,10488.04,295.759999999998,0.431146120519887
"214","07/17/2020",10503.19,"--",10500.52,10532.62,10421.21,111.410000000002,0.140716817644744
"215","07/16/2020",10473.83,"--",10443.87,10499.79,10364.39,135.400000000001,0.178511224891692
"216","07/15/2020",10550.49,"--",10576.72,10604.67,10420.54,184.129999999999,0.255281606931861
"217","07/14/2020",10488.58,"--",10310.25,10497.83,10182.46,315.370000000001,0.462040173296574
"218","07/13/2020",10390.84,"--",10729.92,10824.78,10368.04,456.74,0.684757778653012
"219","07/10/2020",10617.44,"--",10545.91,10622.35,10447.01,175.34,0.241433635289484
"220","07/09/2020",10547.75,"--",10563.72,10578.1,10379.91,198.190000000001,0.27743205986609
"221","07/08/2020",10492.5,"--",10409.35,10494.63,10350.96,143.67,0.191539976368649
"222","07/07/2020",10343.89,"--",10412.46,10518.98,10337.98,181,0.250350531705396
"223","07/06/2020",10433.65,"--",10360.38,10462.05,10354.98,107.07,0.133879480110279
"224","07/02/2020",10207.63,"--",10268.67,10310.36,10194.06,116.300000000001,0.148420638046476
"225","07/01/2020",10154.63,"--",10063.67,10197.19,10048.04,149.15,0.200173296573453
"226","06/30/2020",10058.77,"--",9875.29,10085.59,9863.67,221.92,0.314816857030327
"227","06/29/2020",9874.15,"--",9771.72,9877.34,9663.61,213.73,0.30191413942497
"228","06/26/2020",9757.22,"--",9995.12,10000.67,9749.07,251.6,0.361575423395038
"229","06/25/2020",10017,"--",9899.36,10023.28,9810.47,212.810000000001,0.300464749901538
"230","06/24/2020",9909.17,"--",10092.92,10137.5,9842.22,295.280000000001,0.430389917290273
"231","06/23/2020",10131.37,"--",10130.83,10221.85,10112.44,109.41,0.137565970854667
"232","06/22/2020",10056.47,"--",9945.49,10059.61,9916.6,143.01,0.190500196927924
"233","06/19/2020",9946.12,"--",10042.13,10053.91,9872.94,180.969999999999,0.250303269003543
"234","06/18/2020",9943.05,"--",9892.48,9959.2,9885.66,73.5400000000009,0.0810555336746762
"235","06/17/2020",9910.53,"--",9943.31,9991.21,9891.81,99.3999999999996,0.121795982670342
"236","06/16/2020",9895.87,"--",9949.78,9963.63,9748.38,215.25,0.304308782985427
"237","06/15/2020",9726.02,"--",9426.9,9756.07,9403,353.07,0.521433635289483
"238","06/12/2020",9588.81,"--",9715.87,9768.64,9413.62,355.019999999999,0.524505710909805
"239","06/11/2020",9492.73,"--",9791.24,9868.08,9491.3,376.780000000001,0.558786923985822
"240","06/10/2020",10020.35,"--",10012.32,10086.89,9962.58,124.309999999999,0.161039779440724
"241","06/09/2020",9953.75,"--",9867.19,10002.5,9863.27,139.23,0.184545096494682
"242","06/08/2020",9924.74,"--",9823.44,9927.13,9780.61,146.519999999999,0.196029933044503
"243","06/05/2020",9814.08,"--",9703.54,9845.69,9685.35,160.34,0.217802284363923
"244","06/04/2020",9615.81,"--",9649.65,9716.14,9560.41,155.73,0.210539582512799
"245","06/03/2020",9682.91,"--",9651.86,9707.78,9627.18,80.6000000000004,0.0921780228436396
"246","06/02/2020",9608.37,"--",9566.53,9611.22,9472.08,139.139999999999,0.184403308389128
"247","06/01/2020",9552.05,"--",9471.42,9571.28,9462.32,108.960000000001,0.136857030326902
"248","05/29/2020",9489.87,"--",9382.35,9505.55,9324.73,180.82,0.250066955494288
"249","05/28/2020",9368.99,"--",9392.99,9523.64,9345.28,178.359999999999,0.246191413942495
"250","05/27/2020",9412.36,"--",9346.12,9414.62,9144.28,270.34,0.391098857818039
"251","05/26/2020",9340.22,"--",9501.21,9501.21,9333.16,168.049999999999,0.22994879873966
"252","05/22/2020",9324.59,"--",9278.55,9328.28,9239.41,88.8700000000008,0.1052067743206
"253","05/21/2020",9284.88,"--",9375.19,9405.25,9254.85,150.4,0.20214257581725
"254","05/20/2020",9375.78,"--",9305.62,9392.82,9304.2,88.619999999999,0.104812918471837
"255","05/19/2020",9185.1,"--",9227.46,9317.25,9183.25,134,0.176305632138637
"256","05/18/2020",9234.83,"--",9177.15,9267.22,9154.35,112.869999999999,0.143016935801495
"257","05/15/2020",9014.56,"--",8839.99,9018.4,8821.38,197.02,0.275588814493896
"258","05/14/2020",8943.72,"--",8788.04,8945.71,8705.25,240.459999999999,0.344025206774319
"259","05/13/2020",8863.17,"--",9006.05,9074.16,8752.68,321.48,0.471666010240251
"260","05/12/2020",9002.55,"--",9225.14,9250.96,9000.06,250.9,0.36047262701851
"261","05/11/2020",9192.34,"--",9054.91,9241.92,9053.17,188.75,0.262560063016936
"262","05/08/2020",9121.32,"--",9056.89,9125.98,9018.21,107.77,0.134982276486806
"263","05/07/2020",8979.66,"--",8973.78,9015.99,8932.85,83.1399999999994,0.0961795982670331
"264","05/06/2020",8854.39,"--",8874.7,8933.25,8819.37,113.879999999999,0.144608113430483
"265","05/05/2020",8809.12,"--",8809.66,8909.96,8781.31,128.65,0.167877116975186
"266","05/04/2020",8710.71,"--",8555.32,8715.82,8537.83,177.99,0.245608507286333
"267","05/01/2020",8604.95,"--",8681.29,8754.46,8566.84,187.619999999999,0.260779834580542
"268","04/30/2020",8889.55,"--",8911.01,8926.11,8825.83,100.280000000001,0.123182355257976
"269","04/29/2020",8914.71,"--",8802.7,8957.26,8765.01,192.25,0.268074044899567
"270","04/28/2020",8607.73,"--",8825.68,8830.57,8600.7,229.869999999999,0.327341473020873
"271","04/27/2020",8730.16,"--",8717.98,8754.57,8697.37,57.1999999999989,0.0553131153997617
"272","04/24/2020",8634.52,"--",8530.08,8642.93,8464.42,178.51,0.246427727451753
"273","04/23/2020",8494.75,"--",8528.84,8635.22,8475.2,160.019999999999,0.217298148877508
"274","04/22/2020",8495.38,"--",8434.55,8537.31,8404.54,132.769999999999,0.174367861362739
"275","04/21/2020",8263.23,"--",8460.69,8480.29,8215.69,264.6,0.382055927530524
"276","04/20/2020",8560.73,"--",8553.37,8684.91,8553.37,131.539999999999,0.172430090586843
"277","04/17/2020",8650.14,"--",8667.48,8670.3,8531.69,138.609999999999,0.183568333989758
"278","04/16/2020",8532.36,"--",8479.11,8560.16,8393.27,166.889999999999,0.228121307601417
"279","04/15/2020",8393.18,"--",8355.96,8464.66,8308.79,155.869999999999,0.210760141788104
"280","04/14/2020",8515.74,"--",8353.21,8531.11,8338.09,193.02,0.269287120913746
"281","04/13/2020",8192.42,"--",8127.69,8200.44,8035.95,164.490000000001,0.224340291453329
"282","04/09/2020",8153.58,"--",8169.01,8227.91,8072.32,155.59,0.210319023237495
"283","04/08/2020",8090.9,"--",7975.72,8114.43,7901.94,212.490000000001,0.299960614415125
"284","04/07/2020",7887.26,"--",8129.99,8146.43,7881.22,265.21,0.383016935801496
"285","04/06/2020",7913.24,"--",7660.17,7938.33,7617.79,320.54,0.470185112248917
"286","04/03/2020",7373.08,"--",7477.27,7518.72,7288.11,230.610000000001,0.328507286333203
"287","04/02/2020",7487.31,"--",7317.45,7501.7,7307.95,193.75,0.270437179992123
"288","04/01/2020",7360.58,"--",7459.5,7566.37,7301.98,264.39,0.381725088617566
"289","03/31/2020",7700.1,"--",7740.06,7880.31,7642.86,237.450000000001,0.339283182355259
"290","03/30/2020",7774.15,"--",7583.46,7784.35,7539.97,244.38,0.350200866482867
"291","03/27/2020",7502.38,"--",7554.25,7716.24,7491.13,225.11,0.319842457660496
"292","03/26/2020",7797.54,"--",7462.21,7809.82,7462.21,347.61,0.512831823552579
"293","03/25/2020",7384.3,"--",7421.36,7671.21,7276.4,394.81,0.587191807798346
"294","03/24/2020",7417.86,"--",7196.15,7418.37,7169.86,248.51,0.356707365104372
"295","03/23/2020",6860.67,"--",6847.28,6984.94,6631.42,353.52,0.52214257581725
"296","03/20/2020",6879.52,"--",7248.07,7354.44,6854.67,499.77,0.752548247341472
"297","03/19/2020",7150.58,"--",6996.45,7341.38,6858.38,483,0.726128397006695
"298","03/18/2020",6989.84,"--",6902.32,7182.83,6686.36,496.47,0.74734935013785
"299","03/17/2020",7334.78,"--",7072,7406.23,6828.91,577.32,0.874722331626624
"300","03/16/2020",6904.59,"--",7392.73,7422.2,6882.86,539.34,0.814887751083104
"301","03/13/2020",7874.88,"--",7610.39,7875.93,7219.09,656.84,1
"302","03/12/2020",7201.8,"--",7398.58,7712.33,7194.67,517.66,0.780732571878692
"303","03/11/2020",7952.05,"--",8136.25,8181.36,7850.95,330.41,0.485734541157936
"304","03/10/2020",8344.25,"--",8219.76,8347.4,7930.43,416.969999999999,0.622103190232374
"305","03/09/2020",7950.68,"--",7957.93,8243.31,7943.16,300.15,0.438062229224103
"306","03/06/2020",8575.62,"--",8469.02,8612.36,8375.13,237.230000000001,0.338936589208352
"307","03/05/2020",8738.6,"--",8790.09,8921.08,8677.39,243.690000000001,0.349113824340292
"308","03/04/2020",9018.09,"--",8834.1,9019.96,8757.66,262.299999999999,0.378432453721936
"309","03/03/2020",8684.09,"--",8965.1,9070.32,8602.89,467.43,0.701599054745963
"310","03/02/2020",8952.16,"--",8667.14,8952.81,8543.35,409.459999999999,0.610271760535642
"311","02/28/2020",8567.37,"--",8269.74,8591.82,8264.16,327.66,0.481402126821583
"312","02/27/2020",8566.48,"--",8744.03,8904.11,8562.05,342.060000000001,0.504088223710124
"313","02/26/2020",8980.77,"--",9011.55,9148.32,8927.8,220.52,0.312611264277275
"314","02/25/2020",8965.61,"--",9301.2,9315.26,8940.49,374.77,0.555620322961796
"315","02/24/2020",9221.28,"--",9188.44,9322.88,9166.01,156.869999999999,0.212335565183141
"316","02/21/2020",9576.59,"--",9708.01,9715.95,9542.33,173.620000000001,0.238723907050021
"317","02/20/2020",9750.96,"--",9799.2,9820.86,9636.94,183.92,0.254950768018905
"318","02/19/2020",9817.18,"--",9782.81,9838.37,9777.1,61.2700000000004,0.0617250886175664
"319","02/18/2020",9732.74,"--",9679.04,9747.68,9675.8,71.880000000001,0.0784403308389143
"320","02/14/2020",9731.18,"--",9728.9,9746.36,9693.05,53.3100000000013,0.04918471839307
"321","02/13/2020",9711.97,"--",9657.04,9748.32,9650.02,98.2999999999993,0.1200630169358
"322","02/12/2020",9725.96,"--",9688.6,9728.77,9666.68,62.0900000000001,0.0630169358014967
"323","02/11/2020",9638.94,"--",9680.89,9714.74,9617.21,97.5300000000007,0.118849940921623
"324","02/10/2020",9628.39,"--",9493.63,9628.66,9493.63,135.030000000001,0.177928318235527
"325","02/07/2020",9520.51,"--",9526.64,9570.09,9496.53,73.5599999999995,0.0810870421425748
"326","02/06/2020",9572.15,"--",9540.98,9575.66,9505.68,69.9799999999996,0.0754470263883409
"327","02/05/2020",9508.68,"--",9574.1,9574.94,9454.93,120.01,0.154265458842064
"328","02/04/2020",9467.97,"--",9398.39,9485.38,9374.05,111.33,0.140590783773139
"329","02/03/2020",9273.4,"--",9190.72,9299.85,9188.55,111.300000000001,0.140543521071289
"330","01/31/2020",9150.94,"--",9284.93,9324.8,9123.22,201.58,0.282772745175266
"331","01/30/2020",9298.93,"--",9211.15,9303,9185.18,117.82,0.150815281606931
"332","01/29/2020",9275.16,"--",9318.26,9329.11,9249.04,80.0699999999997,0.0913430484442687
"333","01/28/2020",9269.68,"--",9201.82,9288.87,9182.33,106.540000000001,0.133044505710911
"334","01/27/2020",9139.31,"--",9092.46,9185.45,9088.04,97.4099999999999,0.118660890114218
"335","01/24/2020",9314.91,"--",9446.2,9451.43,9273.23,178.200000000001,0.245939346199292
"336","01/23/2020",9402.48,"--",9377.72,9409.2,9334.13,75.0700000000015,0.0834659314690845
"337","01/22/2020",9383.77,"--",9413.61,9439.29,9375.13,64.1600000000017,0.0662780622292265
"338","01/21/2020",9370.81,"--",9361.07,9397.58,9350.2,47.3799999999992,0.0398424576604948
"339","01/17/2020",9388.94,"--",9392.37,9393.48,9346.81,46.6700000000001,0.0387239070500196
"340","01/16/2020",9357.13,"--",9313.45,9357.92,9301.32,56.6000000000004,0.0543678613627416
"341","01/15/2020",9258.7,"--",9253.76,9298.82,9231.14,67.6800000000003,0.071823552579756
"342","01/14/2020",9251.33,"--",9270.61,9298.33,9226.49,71.8400000000001,0.0783773139031115
"343","01/13/2020",9273.93,"--",9213.72,9274.49,9193.06,81.4300000000003,0.0934856242615205
"344","01/10/2020",9178.86,"--",9232.94,9235.2,9164.66,70.5400000000009,0.076329263489564
"345","01/09/2020",9203.43,"--",9202.27,9215.95,9158.5,57.4500000000007,0.055706971248524
"346","01/08/2020",9129.24,"--",9068.03,9168.89,9059.38,109.51,0.137723513194171
"347","01/07/2020",9068.58,"--",9076.64,9091.93,9042.55,49.380000000001,0.0429933044505725
"348","01/06/2020",9071.46,"--",8943.5,9072.41,8943.5,128.91,0.168286727057896
"349","01/03/2020",9020.77,"--",8976.43,9065.76,8976.43,89.3299999999999,0.105931469082316
"350","01/02/2020",9092.19,"--",9039.46,9093.43,9010.89,82.5400000000009,0.095234344230013
"351","12/31/2019",8972.6,"--",8918.74,8975.35,8912.77,62.5799999999999,0.0637888932650646
"352","12/30/2019",8945.99,"--",9004.45,9006.36,8909.19,97.1700000000001,0.118282788499409
"353","12/27/2019",9006.62,"--",9049.47,9052,8987.32,64.6800000000003,0.0670972823946438
"354","12/26/2019",9022.39,"--",8970.21,9022.46,8968.45,54.0099999999984,0.0502875147695916
"355","12/24/2019",8952.88,"--",8955.01,8957.12,8934.36,22.7600000000002,0.00105553367467518
"356","12/23/2019",8945.65,"--",8950.2,8956.64,8934.55,22.0900000000001,0
"357","12/20/2019",8924.96,"--",8911.84,8931.91,8901.87,30.0399999999991,0.0125246159905457
"358","12/19/2019",8887.22,"--",8838.97,8888.13,8838.97,49.1599999999999,0.0426467113036624
"359","12/18/2019",8827.73,"--",8834.65,8848.76,8820.42,28.3400000000001,0.00984639621898385
"360","12/17/2019",8823.36,"--",8829.47,8831.99,8804.6,27.3899999999994,0.00834974399369716
"361","12/16/2019",8814.23,"--",8791.31,8833.45,8789.77,43.6800000000003,0.0340133910988581
"362","12/13/2019",8734.88,"--",8713.91,8768.87,8697.58,71.2900000000009,0.077510831035842
"363","12/12/2019",8717.32,"--",8645.36,8745.82,8633.6,112.219999999999,0.141992910594721
"364","12/11/2019",8654.05,"--",8631.12,8658.48,8622.35,36.1299999999992,0.0221189444663238
"365","12/10/2019",8616.18,"--",8623.56,8650.76,8600.82,49.9400000000005,0.0438755415517926
"366","12/09/2019",8621.83,"--",8650.86,8678.85,8619.77,59.0799999999999,0.0582749113824337
"367","12/06/2019",8656.53,"--",8634.25,8665.44,8630.57,34.8700000000008,0.0201339109885792
"368","12/05/2019",8570.7,"--",8587.93,8588.89,8541.92,46.9699999999993,0.0391965340685297
"369","12/04/2019",8566.67,"--",8557.45,8584.88,8552.38,32.5,0.0164001575423393
"370","12/03/2019",8520.64,"--",8460.72,8523.98,8435.4,88.5799999999999,0.104749901536037
"371","12/02/2019",8567.99,"--",8672.84,8672.84,8540.16,132.68,0.174226073257188
"372","11/29/2019",8665.47,"--",8682.01,8697.32,8664.04,33.2799999999988,0.0176289877904666
"373","11/27/2019",8705.18,"--",8669.59,8705.91,8662.58,43.3299999999999,0.0334619929105944
"374","11/26/2019",8647.93,"--",8635.4,8659.73,8625.62,34.1099999999988,0.0189365892083476
"375","11/25/2019",8632.49,"--",8559.65,8633.15,8559.65,73.5,0.0809925167388733
"376","11/22/2019",8519.88,"--",8530.54,8535.46,8477.49,57.9699999999993,0.0565261914139412
"377","11/21/2019",8506.21,"--",8527.87,8530.73,8487.29,43.4399999999987,0.0336352894840465
"378","11/20/2019",8526.73,"--",8543.57,8578.27,8468.63,109.640000000001,0.137928318235528
"379","11/19/2019",8570.66,"--",8578.02,8589.76,8536.73,53.0300000000007,0.0487435998424585
"380","11/18/2019",8549.94,"--",8529.16,8559.78,8503.62,56.1599999999999,0.0536746750689243
"381","11/15/2019",8540.83,"--",8524.48,8540.83,8506.8,34.0300000000007,0.0188105553367476
"382","11/14/2019",8479.02,"--",8461.06,8485.36,8441.58,43.7800000000007,0.0341709334383624
"383","11/13/2019",8482.1,"--",8455.02,8496.9,8451.34,45.5599999999995,0.0369751870815271
"384","11/12/2019",8486.09,"--",8471.07,8514.84,8462.99,51.8500000000004,0.0468846002363139
"385","11/11/2019",8464.28,"--",8431.26,8467.29,8425.48,41.8100000000013,0.0310673493501397
"386","11/08/2019",8475.31,"--",8422.67,8475.57,8405.89,69.6800000000003,0.0749743993698309
"387","11/07/2019",8434.52,"--",8455.11,8483.16,8415.87,67.2899999999991,0.0712091374556895
"388","11/06/2019",8410.63,"--",8426.57,8426.57,8379.33,47.2399999999998,0.0396218983851904
"389","11/05/2019",8434.68,"--",8446.62,8457.39,8421.05,36.3400000000001,0.0224497833792832
"390","11/04/2019",8433.2,"--",8445.5,8451.37,8421.3,30.0700000000015,0.0125718786924008
"391","11/01/2019",8386.4,"--",8335.05,8386.75,8326.56,60.1900000000005,0.0600236313509261
"392","10/31/2019",8292.36,"--",8314.38,8321.8,8248.81,72.9899999999998,0.0801890508074039
"393","10/30/2019",8303.98,"--",8284.28,8315.5,8241.7,73.7999999999993,0.0814651437573834
"394","10/29/2019",8276.85,"--",8313.35,8319.29,8275.14,44.1500000000015,0.0347538400945275
"395","10/28/2019",8325.99,"--",8285.77,8335.56,8285.27,50.2899999999991,0.0444269397400534
"396","10/25/2019",8243.12,"--",8150.59,8249.97,8150.59,99.3799999999992,0.12176447420244
"397","10/24/2019",8185.8,"--",8180.04,8187.84,8137.66,50.1800000000003,0.0442536431666013
"398","10/23/2019",8119.79,"--",8090.24,8122.88,8078.35,44.5299999999997,0.035352500984639
"399","10/22/2019",8104.3,"--",8188.12,8194.62,8101.98,92.6400000000012,0.111146120519891
"400","10/21/2019",8162.99,"--",8137.42,8164.14,8117.26,46.8800000000001,0.0390547459629775
"401","10/18/2019",8089.54,"--",8149.85,8157.36,8045.37,111.99,0.141630563213863
"402","10/17/2019",8156.85,"--",8176.91,8183.64,8131.25,52.3900000000003,0.047735328869634
"403","10/16/2019",8124.18,"--",8119.81,8146.15,8103.38,42.7699999999995,0.0325797558093728
"404","10/15/2019",8148.71,"--",8074.85,8166.18,8071.81,94.3699999999999,0.113871602993304
"405","10/14/2019",8048.65,"--",8044.35,8069.85,8036.41,33.4400000000005,0.0178810555336752
"406","10/11/2019",8057.04,"--",8085.2,8115.8,8046.8,69,0.073903111461205
"407","10/10/2019",7950.78,"--",7904.56,7982.84,7899.81,83.0299999999997,0.0960063016935795
"408","10/09/2019",7903.74,"--",7895.96,7930.92,7873.52,57.3999999999996,0.0556282000787704
"409","10/08/2019",7823.78,"--",7898.27,7921.88,7823.73,98.1500000000005,0.119826703426547
"410","10/07/2019",7956.29,"--",7956.41,8013.31,7942.08,71.2300000000005,0.0774163056321392
"411","10/04/2019",7982.47,"--",7908.44,7986.62,7899.39,87.2299999999996,0.102623079952736
"412","10/03/2019",7872.26,"--",7787.02,7872.26,7700,172.26,0.236581331232769
"413","10/02/2019",7785.25,"--",7851.13,7852.7,7744.96,107.74,0.134935013784954
"414","10/01/2019",7908.68,"--",8026.83,8062.5,7906.29,156.21,0.211295785742418
"415","09/30/2019",7999.34,"--",7964.09,8012.16,7949.63,62.5299999999997,0.0637101220953125
"416","09/27/2019",7939.63,"--",8047.11,8051.83,7890.28,161.55,0.219708546671918
"417","09/26/2019",8030.66,"--",8070.12,8072.11,7991.02,81.0899999999992,0.0929499803072061
"418","09/25/2019",8077.38,"--",7990.66,8095,7935.57,159.43,0.216368649074439
"419","09/24/2019",7993.63,"--",8147.23,8158.83,7969.65,189.18,0.263237495076802
"420","09/23/2019",8112.46,"--",8106.49,8135.81,8085.34,50.4700000000003,0.044710515951162
"421","09/20/2019",8117.67,"--",8184.88,8202.82,8086.16,116.66,0.148987790468688
"422","09/19/2019",8182.88,"--",8193.59,8237.43,8174.32,63.1100000000006,0.0646238676644355
"423","09/18/2019",8177.39,"--",8174.62,8179.87,8086.22,93.6499999999996,0.112737298148877
"424","09/17/2019",8186.02,"--",8148.65,8188.23,8139.82,48.4099999999999,0.0414651437573843
"425","09/16/2019",8153.54,"--",8121.64,8165.33,8121.25,44.0799999999999,0.0346435604568724
"426","09/13/2019",8176.71,"--",8190.57,8210.2,8165.47,44.7300000000005,0.0356675856636476
"427","09/12/2019",8194.47,"--",8206.58,8243.8,8176.73,67.0699999999997,0.0708625443087823
"428","09/11/2019",8169.68,"--",8091.68,8169.68,8081.56,88.1199999999999,0.10402520677432
"429","09/10/2019",8084.16,"--",8049.98,8086.53,8001.68,84.8499999999995,0.0988735722725472
"430","09/09/2019",8087.44,"--",8130.91,8131.66,8052.34,79.3199999999997,0.0901614808979906
"431","09/06/2019",8103.07,"--",8125.58,8134.39,8098.52,35.8699999999999,0.0217093343836152
"432","09/05/2019",8116.83,"--",8061.29,8134.42,8061.29,73.1300000000001,0.0804096100827097
"433","09/04/2019",7976.88,"--",7949.81,7981.41,7928.94,52.4700000000003,0.0478613627412369
"434","09/03/2019",7874.16,"--",7906.44,7940.37,7847.32,93.0500000000002,0.111792044111855
"435","08/30/2019",7962.88,"--",8015.16,8017.91,7914.74,103.17,0.127735328869634
"436","08/29/2019",7973.39,"--",7945.78,7992.29,7925.83,66.46,0.06990153603781
"437","08/28/2019",7856.88,"--",7798.35,7866.87,7766.67,100.2,0.123056321386372
"438","08/27/2019",7826.95,"--",7908.78,7916.83,7795.18,121.65,0.156849153209924
"439","08/26/2019",7853.74,"--",7829.58,7856.04,7789.05,66.9899999999998,0.0707365104371794
"440","08/23/2019",7751.77,"--",7943.65,8005.34,7730.77,274.57,0.397762898779046
"441","08/22/2019",7991.39,"--",8038.79,8048.58,7937.12,111.46,0.140795588814494
"442","08/21/2019",8020.21,"--",8017.07,8036.94,7998.5,38.4399999999996,0.0257581725088609
"443","08/20/2019",7948.56,"--",7989.36,8010.58,7948.09,62.4899999999998,0.063647105159511
"444","08/19/2019",8002.81,"--",8006.18,8026.75,7974.36,52.3900000000003,0.047735328869634
"445","08/16/2019",7895.99,"--",7828.35,7907.52,7828.35,79.1700000000001,0.0899251673887356
"446","08/15/2019",7766.62,"--",7790.2,7805.93,7716.55,89.3800000000001,0.106010240252068
"447","08/14/2019",7773.94,"--",7877.33,7900.28,7762.87,137.41,0.181677825915714
"448","08/13/2019",8016.36,"--",7852.37,8065.24,7851.58,213.66,0.301803859787317
"449","08/12/2019",7863.41,"--",7907.49,7924.99,7833.79,91.1999999999998,0.108877510831035
"450","08/09/2019",7959.14,"--",7997.19,8020.56,7910.35,110.21,0.138826309570697
"451","08/08/2019",8039.16,"--",7921.59,8041.12,7896.15,144.97,0.193588026782198
"452","08/07/2019",7862.83,"--",7747.27,7881.38,7702.42,178.96,0.247136667979519
"453","08/06/2019",7833.27,"--",7804.51,7845.01,7739.57,105.440000000001,0.131311539976369
"454","08/05/2019",7726.04,"--",7823.33,7836.45,7662.9,173.55,0.238613627412367
"455","08/02/2019",8004.07,"--",8056.42,8068.8,7953.67,115.13,0.146577392674281
"456","08/01/2019",8111.12,"--",8190.56,8311.04,8080.52,230.52,0.328365498227649
"457","07/31/2019",8175.42,"--",8290.8,8299.83,8110.02,189.809999999999,0.264230011815674
"458","07/30/2019",8273.61,"--",8231.77,8295.46,8228.02,67.4399999999987,0.0714454509649445
"459","07/29/2019",8293.33,"--",8325.1,8325.28,8247.37,77.9099999999999,0.0879401339109881
"460","07/26/2019",8330.21,"--",8294.3,8339.64,8291.12,48.5199999999986,0.0416384403308365
"461","07/25/2019",8238.54,"--",8294.68,8295.95,8233.4,62.5500000000011,0.0637416305632154
"462","07/24/2019",8321.5,"--",8227.36,8321.81,8226.5,95.3099999999995,0.115352500984639
"463","07/23/2019",8251.4,"--",8242.5,8251.83,8193.89,57.9400000000005,0.0564789287120919
"464","07/22/2019",8204.14,"--",8171.99,8218.42,8171.54,46.8800000000001,0.0390547459629775
"465","07/19/2019",8146.49,"--",8241.34,8245.78,8144.63,101.150000000001,0.124552973611659
"466","07/18/2019",8207.24,"--",8151.76,8215.58,8135.12,80.46,0.0919574635683338
"467","07/17/2019",8185.21,"--",8224,8230.67,8184.66,46.0100000000002,0.0376841276092951
"468","07/16/2019",8222.8,"--",8251.66,8259.75,8204.23,55.5200000000004,0.0526664040961013
"469","07/15/2019",8258.19,"--",8263.18,8264.78,8236.27,28.5100000000002,0.0101142181961403
"470","07/12/2019",8244.14,"--",8209.2,8245.66,8201.52,44.1399999999994,0.0347380858605739
"471","07/11/2019",8196.04,"--",8219.28,8226.18,8171.63,54.5500000000002,0.0511382434029146
"472","07/10/2019",8202.53,"--",8183.19,8228.6,8160.56,68.04,0.072390705001969
"473","07/09/2019",8141.73,"--",8061.41,8146.98,8061.32,85.6599999999999,0.100149665222528
"474","07/08/2019",8098.38,"--",8112.91,8112.91,8078.39,34.5199999999995,0.0195825128003141
"475","07/05/2019",8161.79,"--",8123.28,8171.97,8093.66,78.3100000000004,0.0885703032690039
"476","07/03/2019",8170.23,"--",8129.57,8170.23,8122.34,47.8899999999994,0.0406459235919642
"477","07/02/2019",8109.09,"--",8086.65,8109.37,8063.1,46.2699999999995,0.0380937376920037
"478","07/01/2019",8091.16,"--",8145.85,8150.45,8059.29,91.1599999999999,0.108814493895234
"479","06/28/2019",8006.24,"--",7988.76,8010.15,7961.46,48.6899999999996,0.0419062623079944
"480","06/27/2019",7967.76,"--",7939.36,7976.58,7935.47,41.1099999999997,0.0299645529736109
"481","06/26/2019",7909.97,"--",7933.92,7974.28,7903.07,71.21,0.0773847971642377
"482","06/25/2019",7884.72,"--",8005.27,8007.31,7879.15,128.160000000001,0.16710515951162
"483","06/24/2019",8005.7,"--",8040.58,8047.56,8004.63,42.9300000000003,0.03283182355258
"484","06/21/2019",8031.71,"--",8028.69,8073.02,8011.2,61.8200000000006,0.0625915714848373
"485","06/20/2019",8051.34,"--",8087.45,8088.88,7996.87,92.0100000000002,0.110153603781016
"486","06/19/2019",7987.32,"--",7970.26,7998.59,7930.38,68.21,0.0726585269791255
"487","06/18/2019",7953.88,"--",7920.98,8005.21,7911.67,93.54,0.112564001575423
"488","06/17/2019",7845.02,"--",7819.43,7865.98,7812.61,53.3699999999999,0.04927924379677
"489","06/14/2019",7796.66,"--",7807.19,7819.21,7778.12,41.0900000000001,0.0299330445057109
"490","06/13/2019",7837.13,"--",7822.56,7848.36,7813.6,34.7599999999993,0.0199606144151227
"491","06/12/2019",7792.72,"--",7803.13,7819.16,7773.97,45.1899999999996,0.0363922804253635
"492","06/11/2019",7822.57,"--",7901.04,7909.99,7798.63,111.36,0.140638046474989
"493","06/10/2019",7823.17,"--",7798.87,7895.44,7795.76,99.6799999999994,0.122237101220952
"494","06/07/2019",7742.1,"--",7652.97,7767.02,7647.91,119.110000000001,0.152847577786531
"495","06/06/2019",7615.55,"--",7582.24,7634.12,7546.22,87.8999999999996,0.103678613627412
"496","06/05/2019",7575.48,"--",7585.68,7589.47,7498.17,91.3000000000002,0.10903505317054
"497","06/04/2019",7527.12,"--",7413.94,7529.5,7385.02,144.48,0.192816069318628
"498","06/03/2019",7333.02,"--",7441.21,7457.66,7292.22,165.44,0.225836943678613
"499","05/31/2019",7453.15,"--",7470.95,7506.86,7448.23,58.6300000000001,0.0575659708546671
"500","05/30/2019",7567.72,"--",7565.46,7595.9,7527.66,68.2399999999998,0.0727057896809762
"501","05/29/2019",7547.31,"--",7553.02,7581.11,7503.94,77.1700000000001,0.0867743205986608
"502","05/28/2019",7607.35,"--",7655.66,7693.74,7603.76,89.9799999999996,0.106955494289089
"503","05/24/2019",7637.01,"--",7675.57,7694.15,7631.25,62.8999999999996,0.0642930287514762
"504","05/23/2019",7628.28,"--",7660.72,7665.15,7585.32,79.8299999999999,0.0909649468294601
"505","05/22/2019",7750.84,"--",7749.8,7786.33,7738.35,47.9799999999996,0.0407877116975178
"506","05/21/2019",7785.72,"--",7765.57,7804.44,7752.92,51.5199999999995,0.0463647105159502
"507","05/20/2019",7702.38,"--",7714.06,7747.27,7678.35,68.9200000000001,0.0737770775896021
"508","05/17/2019",7816.28,"--",7829.03,7918.71,7810.35,108.36,0.135911776289877
"509","05/16/2019",7898.05,"--",7832.58,7946.23,7826.67,119.559999999999,0.153556518314296
"510","05/15/2019",7822.15,"--",7682.8,7838.72,7682.24,156.48,0.211721150059079
"511","05/14/2019",7734.49,"--",7689.66,7776.2,7665.3,110.9,0.139913351713272
"512","05/13/2019",7647.02,"--",7720.07,7760.83,7627.22,133.61,0.175691217014572
"513","05/10/2019",7916.94,"--",7881.31,7949.34,7759.34,190,0.264529342260732
"514","05/09/2019",7910.59,"--",7853.21,7929.78,7796.16,133.62,0.175706971248523
"515","05/08/2019",7943.32,"--",7946.24,8004.49,7923.35,81.1399999999994,0.0930287514769583
"516","05/07/2019",7963.76,"--",8043.52,8070.97,7899.02,171.95,0.236092949980307
"517","05/06/2019",8123.29,"--",7981.85,8135.54,7981.85,153.69,0.207325718786923
"518","05/03/2019",8164,"--",8092.88,8164.71,8084.8,79.9099999999999,0.0910909807010629
"519","05/02/2019",8036.77,"--",8046.48,8094.06,7976.77,117.29,0.149980307207562
"520","05/01/2019",8049.64,"--",8132.93,8146,8048.23,97.7700000000004,0.119228042536432
"521","04/30/2019",8095.39,"--",8104.91,8124.61,8050.55,74.0599999999995,0.0818747538400935
"522","04/29/2019",8161.85,"--",8147.65,8176.08,8136.41,39.6700000000001,0.0276959432847577
"523","04/26/2019",8146.4,"--",8100.28,8146.42,8060.89,85.5299999999997,0.0999448601811731
"524","04/25/2019",8118.68,"--",8150.85,8151.84,8075.41,76.4300000000003,0.0856085072863334
"525","04/24/2019",8102.01,"--",8122.88,8139.55,8101.7,37.8500000000004,0.02482867270579
"526","04/23/2019",8120.82,"--",8026.75,8128.87,8023.81,105.059999999999,0.130712879086253
"527","04/22/2019",8015.27,"--",7969.37,8017.15,7965.9,51.25,0.0459393461992908
"528","04/18/2019",7998.06,"--",7998.45,8002.31,7950.97,51.3400000000001,0.0460811343048444
"529","04/17/2019",7996.08,"--",8044.97,8052.4,7973.38,79.0199999999995,0.0896888538794791
"530","04/16/2019",8000.23,"--",8000.57,8017.56,7978.81,38.75,0.0262465537613231
"531","04/15/2019",7976.01,"--",7987.16,7993.33,7933.56,59.7699999999995,0.0593619535250089
"532","04/12/2019",7984.16,"--",7984.15,7992.09,7952.61,39.4800000000005,0.0273966128397012
"533","04/11/2019",7947.36,"--",7975.2,7975.2,7933.41,41.79,0.0310358408822368
"534","04/10/2019",7964.24,"--",7922.73,7965.33,7916.9,48.4300000000003,0.0414966522252858
"535","04/09/2019",7909.28,"--",7924.77,7945.55,7897.61,47.9400000000005,0.0407246947617178
"536","04/08/2019",7953.88,"--",7924.89,7955.9,7891.85,64.0499999999993,0.0661047656557686
"537","04/05/2019",7938.69,"--",7914.51,7940.45,7909.14,31.3099999999995,0.0145254037022439
"538","04/04/2019",7891.78,"--",7894.26,7917.65,7844.96,72.6899999999996,0.0797164237888924
"539","04/03/2019",7895.55,"--",7891.18,7938.26,7870.9,67.3600000000006,0.0713194170933445
"540","04/02/2019",7848.69,"--",7824.61,7854.92,7811.28,43.6400000000003,0.0339503741630566
"541","04/01/2019",7828.91,"--",7800.24,7831.45,7777.09,54.3599999999997,0.0508389129578567
"542","03/29/2019",7729.32,"--",7726.71,7733.62,7688.51,45.1099999999997,0.0362662465537606
"543","03/28/2019",7669.17,"--",7660.07,7689.16,7619.82,69.3400000000001,0.0744387554155179
"544","03/27/2019",7643.38,"--",7702.05,7712.84,7582.09,130.75,0.171185506104765
"545","03/26/2019",7691.52,"--",7700,7738.17,7649.21,88.96,0.105348562426152
"546","03/25/2019",7637.54,"--",7618.98,7662.38,7579.29,83.0900000000001,0.0961008270972824
"547","03/22/2019",7642.67,"--",7800.25,7817.83,7642.57,175.26,0.241307601417881
"548","03/21/2019",7838.96,"--",7705.43,7850.11,7705.43,144.679999999999,0.193131153997636
"549","03/20/2019",7728.97,"--",7721.95,7779.24,7674.04,105.2,0.130933438361559
"550","03/19/2019",7723.95,"--",7747.4,7767.89,7699.15,68.7400000000007,0.0734935013784963
"551","03/18/2019",7714.48,"--",7696.38,7737.67,7677.74,59.9300000000003,0.0596140212682161
"552","03/15/2019",7688.53,"--",7658.41,7714.96,7652.04,62.9200000000001,0.0643245372193776
"553","03/14/2019",7630.91,"--",7644.79,7653.1,7627.02,26.0799999999999,0.00628593934619895
"554","03/13/2019",7643.41,"--",7621.38,7677.07,7619.46,57.6099999999997,0.0559590389917283
"555","03/12/2019",7591.03,"--",7571.85,7611.13,7560.46,50.6700000000001,0.0450256006301692
"556","03/11/2019",7558.06,"--",7442.56,7558.23,7442.4,115.83,0.147680189050807
"557","03/08/2019",7408.14,"--",7334.35,7411.52,7332.92,78.6000000000004,0.0890271760535647
